-- phpMyAdmin SQL Dump
-- version 5.2.1
-- https://www.phpmyadmin.net/
--
-- Máy chủ: 127.0.0.1:3307
-- Thời gian đã tạo: Th6 30, 2024 lúc 03:04 PM
-- Phiên bản máy phục vụ: 10.4.32-MariaDB
-- Phiên bản PHP: 8.2.12

SET SQL_MODE = "NO_AUTO_VALUE_ON_ZERO";
START TRANSACTION;
SET time_zone = "+00:00";


/*!40101 SET @OLD_CHARACTER_SET_CLIENT=@@CHARACTER_SET_CLIENT */;
/*!40101 SET @OLD_CHARACTER_SET_RESULTS=@@CHARACTER_SET_RESULTS */;
/*!40101 SET @OLD_COLLATION_CONNECTION=@@COLLATION_CONNECTION */;
/*!40101 SET NAMES utf8mb4 */;

--
-- Cơ sở dữ liệu: `duanmau`
--

-- --------------------------------------------------------

--
-- Cấu trúc bảng cho bảng `address`
--

CREATE TABLE `address` (
  `id` tinyint(4) NOT NULL,
  `street` varchar(50) DEFAULT NULL,
  `ward` varchar(50) NOT NULL,
  `district` varchar(50) DEFAULT NULL,
  `city` varchar(50) DEFAULT NULL,
  `phonenumber` varchar(20) DEFAULT NULL,
  `userid` tinyint(4) DEFAULT NULL
) ENGINE=InnoDB DEFAULT CHARSET=utf8mb4 COLLATE=utf8mb4_general_ci;

--
-- Đang đổ dữ liệu cho bảng `address`
--

INSERT INTO `address` (`id`, `street`, `ward`, `district`, `city`, `phonenumber`, `userid`) VALUES
(12, '118 Phạm Như Xương', 'Hòa Khánh Nam', 'Liên Chiểu', 'Đà Nẵng', '0905793870', 3),
(13, '92 Thi Sách', 'Chính Gián', 'Thanh Khê', 'Đà Nẵng', '0362931719', 4),
(16, '113 Phạm Như Xương', 'Hòa Khánh Nam', 'Liên Chiểu', 'Đà Nẵng', '0362931719', 7),
(17, 'a', 'Hòa Khánh', 'Liên Chiểu', 'Da Nang', '0362931719', 2),
(18, '110 Phạm Như Xương', 'Hòa Khánh Nam', 'Liên Chiểu', 'Đà Nẵng', '0362931719', 10),
(19, '111 Phạm Như Xương', 'Hòa Khánh Nam', 'Liên Chiểu', 'Đà Nẵng', '0362931719', 11),
(20, '223 Lê Duẩn', 'Hòa Khánh Nam', 'Liên Chiểu', 'Đà Nẵng', '0362931719', 12);

-- --------------------------------------------------------

--
-- Cấu trúc bảng cho bảng `cart`
--

CREATE TABLE `cart` (
  `id` int(11) NOT NULL,
  `productid` varchar(50) DEFAULT NULL,
  `userid` tinyint(4) NOT NULL,
  `totalItem` int(5) DEFAULT NULL,
  `totalPrice` decimal(10,0) DEFAULT NULL
) ENGINE=InnoDB DEFAULT CHARSET=utf8mb4 COLLATE=utf8mb4_general_ci;

-- --------------------------------------------------------

--
-- Cấu trúc bảng cho bảng `categories`
--

CREATE TABLE `categories` (
  `id` tinyint(4) NOT NULL,
  `categoryname` varchar(50) NOT NULL,
  `createdate` datetime NOT NULL,
  `description` blob NOT NULL
) ENGINE=InnoDB DEFAULT CHARSET=utf8mb4 COLLATE=utf8mb4_general_ci;

--
-- Đang đổ dữ liệu cho bảng `categories`
--

INSERT INTO `categories` (`id`, `categoryname`, `createdate`, `description`) VALUES
(1, 'G-STEEL', '2024-06-30 13:59:54', 0x472d53484f434b202d20472d535445454c),
(2, 'MASTER OF G-AIR', '2024-04-06 00:00:00', 0x472d53484f434b202d204d4153544552204f4620472d414952),
(3, 'MASTER OF G-LAND', '2024-04-06 00:00:00', 0x472d53484f434b202d204d4153544552204f4620472d4c414e44);

-- --------------------------------------------------------

--
-- Cấu trúc bảng cho bảng `comment`
--

CREATE TABLE `comment` (
  `id` tinyint(4) NOT NULL,
  `text` varchar(200) NOT NULL,
  `commentAt` datetime NOT NULL,
  `userid` tinyint(4) NOT NULL,
  `productid` varchar(50) DEFAULT NULL
) ENGINE=InnoDB DEFAULT CHARSET=utf8mb4 COLLATE=utf8mb4_general_ci;

--
-- Đang đổ dữ liệu cho bảng `comment`
--

INSERT INTO `comment` (`id`, `text`, `commentAt`, `userid`, `productid`) VALUES
(3, 'hàng đẹp xỉu luôn, hehee', '2024-06-05 20:16:13', 3, 'id5'),
(14, 'đồng hồ tốt, đã mua và cảm thấy hài lòng', '2024-06-05 20:45:15', 3, 'id5'),
(15, 'đồng hồ đeo hơi bị sang nha, chất lượng tốt, đáng mua', '2024-06-05 20:52:21', 3, 'id5'),
(18, 'chất luôn', '2024-06-05 23:16:42', 3, 'id11'),
(19, 'hàng xịn, oke', '2024-06-06 07:55:30', 3, 'id11'),
(20, 'đơn giao nhanh, hàng uy tín, sẽ ủng hộ, hehee', '2024-06-06 22:30:36', 4, 'id5'),
(21, 'hàng xịn ạ', '2024-06-10 08:05:53', 7, 'id10'),
(22, 'hàng đẹp, xịn, giao hàng nhanh', '2024-06-10 08:32:17', 4, 'id1'),
(23, 'hàng oke,hrglkh', '2024-06-10 09:09:29', 7, 'id1'),
(24, 'đồng hồ đẹp nha, nên mua, hehe', '2024-06-18 11:23:49', 4, 'id27'),
(25, '', '2024-06-18 11:30:52', 4, 'id27'),
(27, 'hafng oke', '2024-06-19 07:45:23', 10, 'id15');

-- --------------------------------------------------------

--
-- Cấu trúc bảng cho bảng `orderitem`
--

CREATE TABLE `orderitem` (
  `id` tinyint(4) NOT NULL,
  `orderID` tinyint(4) DEFAULT NULL,
  `productID` varchar(50) DEFAULT NULL,
  `quantity` int(5) DEFAULT NULL,
  `price` decimal(10,0) DEFAULT NULL,
  `totalprice` decimal(10,0) DEFAULT NULL
) ENGINE=InnoDB DEFAULT CHARSET=utf8mb4 COLLATE=utf8mb4_general_ci;

--
-- Đang đổ dữ liệu cho bảng `orderitem`
--

INSERT INTO `orderitem` (`id`, `orderID`, `productID`, `quantity`, `price`, `totalprice`) VALUES
(13, 17, 'id10', 1, 9800000, 9800000),
(14, 17, 'id5', 3, 9800000, 29400000),
(19, 20, 'id11', 1, 9800000, 9800000),
(20, 21, 'id5', 1, 9800000, 9800000),
(21, 21, 'id26', 2, 28950000, 57900000),
(22, 22, 'id15', 1, 18700000, 18700000),
(23, 23, 'id1', 3, 10550000, 31650000),
(24, 23, 'id11', 1, 9800000, 9800000),
(25, 24, 'id28', 1, 26800000, 26800000),
(28, 27, 'id12', 1, 9800000, 9800000),
(29, 28, 'id4', 1, 23500000, 23500000),
(30, 28, 'id9', 2, 9800000, 19600000),
(40, 36, 'id3', 1, 25800000, 25800000),
(41, 36, 'id10', 2, 9800000, 19600000),
(46, 45, 'id10', 1, 9800000, 9800000),
(47, 45, 'id26', 1, 28950000, 28950000);

-- --------------------------------------------------------

--
-- Cấu trúc bảng cho bảng `orders`
--

CREATE TABLE `orders` (
  `id` tinyint(4) NOT NULL,
  `orderdate` datetime DEFAULT NULL,
  `totalamount` decimal(10,0) DEFAULT NULL,
  `shippingaddressID` tinyint(4) DEFAULT NULL,
  `orderstatus` varchar(50) DEFAULT NULL,
  `userid` tinyint(4) DEFAULT NULL,
  `note` varchar(255) DEFAULT NULL
) ENGINE=InnoDB DEFAULT CHARSET=utf8mb4 COLLATE=utf8mb4_general_ci;

--
-- Đang đổ dữ liệu cho bảng `orders`
--

INSERT INTO `orders` (`id`, `orderdate`, `totalamount`, `shippingaddressID`, `orderstatus`, `userid`, `note`) VALUES
(17, '2024-06-12 20:36:29', 39200000, 12, 'Đã giao', 3, ' '),
(20, '2024-06-13 23:24:32', 9800000, 12, 'Đã hủy đơn', 3, ' '),
(21, '2024-06-13 23:25:03', 67700000, 13, 'Đã giao', 4, ' '),
(22, '2024-06-13 23:25:26', 18700000, 13, 'Đang vận chuyển', 4, ' '),
(23, '2024-06-13 23:32:06', 41450000, 16, 'Đã xác nhận', 7, ' '),
(24, '2024-06-13 23:32:21', 26800000, 16, 'Đang vận chuyển', 7, ' '),
(27, '2024-06-16 00:10:28', 9800000, 16, 'Đang vận chuyển', 7, ' '),
(28, '2024-06-16 00:14:17', 43100000, 18, 'Đã xác nhận', 10, ' '),
(36, '2024-06-19 06:31:54', 45400000, 19, 'Đã xác nhận', 11, ' '),
(45, '2024-06-27 23:51:43', 38750000, 20, 'Chờ xử lý', 12, ' ');

-- --------------------------------------------------------

--
-- Cấu trúc bảng cho bảng `products`
--

CREATE TABLE `products` (
  `id` varchar(50) NOT NULL,
  `productname` varchar(50) NOT NULL,
  `image` blob NOT NULL,
  `price` decimal(10,0) NOT NULL,
  `createdate` datetime NOT NULL,
  `description` blob NOT NULL,
  `quantity` int(5) DEFAULT NULL,
  `salescount` int(5) DEFAULT NULL,
  `viewcount` int(10) DEFAULT NULL,
  `categoryid` tinyint(4) NOT NULL
) ENGINE=InnoDB DEFAULT CHARSET=utf8mb4 COLLATE=utf8mb4_general_ci;

--
-- Đang đổ dữ liệu cho bảng `products`
--

INSERT INTO `products` (`id`, `productname`, `image`, `price`, `createdate`, `description`, `quantity`, `salescount`, `viewcount`, `categoryid`) VALUES
('id1', 'GTS-B600-1A', 0x696d616765202832292e61766966, 10550000, '2024-04-06 00:00:00', 0x4de1baab7520c491e1bb936e672068e1bb9320472d53484f434b204d522d472063616f2063e1baa5702c20c491c6b0e1bba363206cc3a06d20686fc3a06e20746fc3a06e2062e1bab16e67206b696d206c6fe1baa1692c207068c3b92068e1bba37020c49169206269e1bb836e2e20c490c6b0e1bba3632062e1bb8d63207468c3a97020746974616e2c206bc3ad6e206b68c3ad2076e1bb9b69206b68e1baa3206ec4836e67206368e1bb916e67206ec6b0e1bb9b632049534f20323030206dc3a97420e28094206de1bb99742073e1bbb12062e1bb952073756e672063686f2064c3b26e6720c491e1bb936e672068e1bb93207468e1bba3206ce1bab76e206368c3ad6e68207468e1bba9632063e1bba7612046524f474d414e2e20436869e1babf6320c491e1bb936e672068e1bb932064c3a06e682063686f207468e1bba3206ce1bab76e206ec3a0792063c3b320746869e1babf74206be1babf2062e1baa57420c491e1bb91692078e1bba96e6720c491e1bb996320c491c3a16f2c206de1bab774207361752062e1baaf742076c3ad742076c3a02068c3ac6e68206368c3ba20e1babf6368206ce1bab76e20c491e1bab763206269e1bb87742c2076e1bb916e2072e1baa574207068e1bb95206269e1babf6e206b68692046524f474d414e20c491c6b0e1bba363207261206de1baaf742076c3a06f206ec4836d20313939332076c3a020c491c3a320c491c6b0e1bba363206ec3a26e672063e1baa570206cc3aa6e2074e1baa76d2063616f206de1bb9b692e202e2056e1bb916e20c491c6b0e1bba3632073e1baa36e207875e1baa5742074e1bbab206e68e1bbb1612c206de1baab7520746869e1babf74206be1babf20c491612064e1baa16e67206ec3a079206869e1bb876e2063c3b320706869c3aa6e2062e1baa36e206cc3a06d206ce1baa1692062e1bab16e6720746974616e2c2076e1bb9b692074e1bbab6e672062e1bb99207068e1baad6e20c491c6b0e1bba363206368e1babf2074c3a163207269c3aa6e672076c3a020c491c3a16e682062c3b36e672074e1bb89206de1bb892c206d616e67206ce1baa1692063e1baa36d206769c3a16320686fc3a06e20746fc3a06e206de1bb9b692063686f2073e1baa36e207068e1baa96d2e204368e1baa574206cc6b0e1bba36e672063616f2e20c490e1bb936e672068e1bb93206cc3a02073e1bbb1206be1babf742068e1bba3702074696e682078e1baa36f2063e1bba7612068c6a16e2037302062e1bb99207068e1baad6e2062c3aa6e206e676fc3a0692c2062616f2067e1bb936d2076c3b26e67206368e1bbaf204f206d616e67206ce1baa169206b68e1baa3206ec4836e67206368e1bb916e67206ec6b0e1bb9b632076c6b0e1bba374207472e1bb99692063e1bba7612046524f474d414e2076c3a0206ce1bb9b7020c491e1bb876d20c491e1bab763206269e1bb8774206769c3ba702074c4836e672063c6b0e1bb9d6e672063e1baa575207472c3ba63206368e1bb916e672073e1bb91632e20547579206e6869c3aa6e2c20c491e1bb936e672068e1bb932076e1baab6e206769e1bbaf20c491c6b0e1bba3632076e1babb20c491e1bab9702063e1bba7612064c3b26e6720c491e1bb936e672068e1bb9320472d53686f636b206ee1bb9569207469e1babf6e672e, 249, 0, 112, 1),
('id10', 'MRG-BF1000AB-1A', 0x342e706e67, 9800000, '2024-05-30 00:00:00', 0x4de1baab7520c491e1bb936e672068e1bb9320472d53484f434b204d522d472063616f2063e1baa5702c20c491c6b0e1bba363206cc3a06d20686fc3a06e20746fc3a06e2062e1bab16e67206b696d206c6fe1baa1692c207068c3b92068e1bba37020c49169206269e1bb836e2e20c490c6b0e1bba3632062e1bb8d63207468c3a97020746974616e2c206bc3ad6e206b68c3ad2076e1bb9b69206b68e1baa3206ec4836e67206368e1bb916e67206ec6b0e1bb9b632049534f20323030206dc3a97420e28094206de1bb99742073e1bbb12062e1bb952073756e672063686f2064c3b26e6720c491e1bb936e672068e1bb93207468e1bba3206ce1bab76e206368c3ad6e68207468e1bba9632063e1bba7612046524f474d414e2e20436869e1babf6320c491e1bb936e672068e1bb932064c3a06e682063686f207468e1bba3206ce1bab76e206ec3a0792063c3b320746869e1babf74206be1babf2062e1baa57420c491e1bb91692078e1bba96e6720c491e1bb996320c491c3a16f2c206de1bab774207361752062e1baaf742076c3ad742076c3a02068c3ac6e68206368c3ba20e1babf6368206ce1bab76e20c491e1bab763206269e1bb87742c2076e1bb916e2072e1baa574207068e1bb95206269e1babf6e206b68692046524f474d414e20c491c6b0e1bba363207261206de1baaf742076c3a06f206ec4836d20313939332076c3a020c491c3a320c491c6b0e1bba363206ec3a26e672063e1baa570206cc3aa6e2074e1baa76d2063616f206de1bb9b692e, 186, 3, 145, 1),
('id11', 'MRG-BF1500B-1B', 0x382e706e67, 9800000, '2024-05-30 00:00:00', 0x4de1baab7520c491e1bb936e672068e1bb9320472d53484f434b204d522d472063616f2063e1baa5702c20c491c6b0e1bba363206cc3a06d20686fc3a06e20746fc3a06e2062e1bab16e67206b696d206c6fe1baa1692c207068c3b92068e1bba37020c49169206269e1bb836e2e20c490c6b0e1bba3632062e1bb8d63207468c3a97020746974616e2c206bc3ad6e206b68c3ad2076e1bb9b69206b68e1baa3206ec4836e67206368e1bb916e67206ec6b0e1bb9b632049534f20323030206dc3a97420e28094206de1bb99742073e1bbb12062e1bb952073756e672063686f2064c3b26e6720c491e1bb936e672068e1bb93207468e1bba3206ce1bab76e206368c3ad6e68207468e1bba9632063e1bba7612046524f474d414e2e20436869e1babf6320c491e1bb936e672068e1bb932064c3a06e682063686f207468e1bba3206ce1bab76e206ec3a0792063c3b320746869e1babf74206be1babf2062e1baa57420c491e1bb91692078e1bba96e6720c491e1bb996320c491c3a16f2c206de1bab774207361752062e1baaf742076c3ad742076c3a02068c3ac6e68206368c3ba20e1babf6368206ce1bab76e20c491e1bab763206269e1bb87742c2076e1bb916e2072e1baa574207068e1bb95206269e1babf6e206b68692046524f474d414e20c491c6b0e1bba363207261206de1baaf742076c3a06f206ec4836d20313939332076c3a020c491c3a320c491c6b0e1bba363206ec3a26e672063e1baa570206cc3aa6e2074e1baa76d2063616f206de1bb9b692e, 279, 1, 142, 1),
('id12', 'MRG-BF1000B-1A', 0x392e706e67, 9800000, '2024-05-30 00:00:00', 0x4de1baab7520c491e1bb936e672068e1bb9320472d53484f434b204d522d472063616f2063e1baa5702c20c491c6b0e1bba363206cc3a06d20686fc3a06e20746fc3a06e2062e1bab16e67206b696d206c6fe1baa1692c207068c3b92068e1bba37020c49169206269e1bb836e2e20c490c6b0e1bba3632062e1bb8d63207468c3a97020746974616e2c206bc3ad6e206b68c3ad2076e1bb9b69206b68e1baa3206ec4836e67206368e1bb916e67206ec6b0e1bb9b632049534f20323030206dc3a97420e28094206de1bb99742073e1bbb12062e1bb952073756e672063686f2064c3b26e6720c491e1bb936e672068e1bb93207468e1bba3206ce1bab76e206368c3ad6e68207468e1bba9632063e1bba7612046524f474d414e2e20436869e1babf6320c491e1bb936e672068e1bb932064c3a06e682063686f207468e1bba3206ce1bab76e206ec3a0792063c3b320746869e1babf74206be1babf2062e1baa57420c491e1bb91692078e1bba96e6720c491e1bb996320c491c3a16f2c206de1bab774207361752062e1baaf742076c3ad742076c3a02068c3ac6e68206368c3ba20e1babf6368206ce1bab76e20c491e1bab763206269e1bb87742c2076e1bb916e2072e1baa574207068e1bb95206269e1babf6e206b68692046524f474d414e20c491c6b0e1bba363207261206de1baaf742076c3a06f206ec4836d20313939332076c3a020c491c3a320c491c6b0e1bba363206ec3a26e672063e1baa570206cc3aa6e2074e1baa76d2063616f206de1bb9b692e, 278, 2, 44, 1),
('id13', 'GBA-900SM-1A3', 0x696d6167652e61766966, 23500000, '2024-05-31 00:00:00', 0x4de1baab7520c491e1bb936e672068e1bb9320472d53484f434b204d522d472063616f2063e1baa5702c20c491c6b0e1bba363206cc3a06d20686fc3a06e20746fc3a06e2062e1bab16e67206b696d206c6fe1baa1692c207068c3b92068e1bba37020c49169206269e1bb836e2e20c490c6b0e1bba3632062e1bb8d63207468c3a97020746974616e2c206bc3ad6e206b68c3ad2076e1bb9b69206b68e1baa3206ec4836e67206368e1bb916e67206ec6b0e1bb9b632049534f20323030206dc3a97420e28094206de1bb99742073e1bbb12062e1bb952073756e672063686f2064c3b26e6720c491e1bb936e672068e1bb93207468e1bba3206ce1bab76e206368c3ad6e68207468e1bba9632063e1bba7612046524f474d414e2e20436869e1babf6320c491e1bb936e672068e1bb932064c3a06e682063686f207468e1bba3206ce1bab76e206ec3a0792063c3b320746869e1babf74206be1babf2062e1baa57420c491e1bb91692078e1bba96e6720c491e1bb996320c491c3a16f2c206de1bab774207361752062e1baaf742076c3ad742076c3a02068c3ac6e68206368c3ba20e1babf6368206ce1bab76e20c491e1bab763206269e1bb87742c2076e1bb916e2072e1baa574207068e1bb95206269e1babf6e206b68692046524f474d414e20c491c6b0e1bba363207261206de1baaf742076c3a06f206ec4836d20313939332076c3a020c491c3a320c491c6b0e1bba363206ec3a26e672063e1baa570206cc3aa6e2074e1baa76d2063616f206de1bb9b692e, 210, 0, 20, 2),
('id14', 'MRG-B2000B-1A', 0x322e61766966, 21850000, '2024-05-31 00:00:00', 0x4de1baab7520c491e1bb936e672068e1bb9320472d53484f434b204d522d472063616f2063e1baa5702c20c491c6b0e1bba363206cc3a06d20686fc3a06e20746fc3a06e2062e1bab16e67206b696d206c6fe1baa1692c207068c3b92068e1bba37020c49169206269e1bb836e2e20c490c6b0e1bba3632062e1bb8d63207468c3a97020746974616e2c206bc3ad6e206b68c3ad2076e1bb9b69206b68e1baa3206ec4836e67206368e1bb916e67206ec6b0e1bb9b632049534f20323030206dc3a97420e28094206de1bb99742073e1bbb12062e1bb952073756e672063686f2064c3b26e6720c491e1bb936e672068e1bb93207468e1bba3206ce1bab76e206368c3ad6e68207468e1bba9632063e1bba7612046524f474d414e2e20436869e1babf6320c491e1bb936e672068e1bb932064c3a06e682063686f207468e1bba3206ce1bab76e206ec3a0792063c3b320746869e1babf74206be1babf2062e1baa57420c491e1bb91692078e1bba96e6720c491e1bb996320c491c3a16f2c206de1bab774207361752062e1baaf742076c3ad742076c3a02068c3ac6e68206368c3ba20e1babf6368206ce1bab76e20c491e1bab763206269e1bb87742c2076e1bb916e2072e1baa574207068e1bb95206269e1babf6e206b68692046524f474d414e20c491c6b0e1bba363207261206de1baaf742076c3a06f206ec4836d20313939332076c3a020c491c3a320c491c6b0e1bba363206ec3a26e672063e1baa570206cc3aa6e2074e1baa76d2063616f206de1bb9b692e, 267, 0, 4, 2),
('id15', 'MRG-B2000B-1A4', 0x332e61766966, 18700000, '2024-05-31 00:00:00', 0x4de1baab7520c491e1bb936e672068e1bb9320472d53484f434b204d522d472063616f2063e1baa5702c20c491c6b0e1bba363206cc3a06d20686fc3a06e20746fc3a06e2062e1bab16e67206b696d206c6fe1baa1692c207068c3b92068e1bba37020c49169206269e1bb836e2e20c490c6b0e1bba3632062e1bb8d63207468c3a97020746974616e2c206bc3ad6e206b68c3ad2076e1bb9b69206b68e1baa3206ec4836e67206368e1bb916e67206ec6b0e1bb9b632049534f20323030206dc3a97420e28094206de1bb99742073e1bbb12062e1bb952073756e672063686f2064c3b26e6720c491e1bb936e672068e1bb93207468e1bba3206ce1bab76e206368c3ad6e68207468e1bba9632063e1bba7612046524f474d414e2e20436869e1babf6320c491e1bb936e672068e1bb932064c3a06e682063686f207468e1bba3206ce1bab76e206ec3a0792063c3b320746869e1babf74206be1babf2062e1baa57420c491e1bb91692078e1bba96e6720c491e1bb996320c491c3a16f2c206de1bab774207361752062e1baaf742076c3ad742076c3a02068c3ac6e68206368c3ba20e1babf6368206ce1bab76e20c491e1bab763206269e1bb87742c2076e1bb916e2072e1baa574207068e1bb95206269e1babf6e206b68692046524f474d414e20c491c6b0e1bba363207261206de1baaf742076c3a06f206ec4836d20313939332076c3a020c491c3a320c491c6b0e1bba363206ec3a26e672063e1baa570206cc3aa6e2074e1baa76d2063616f206de1bb9b692e, 199, -1, 65, 2),
('id16', 'MRG-B2000GA-1A', 0x352e61766966, 23900000, '2024-05-31 00:00:00', 0x4de1baab7520c491e1bb936e672068e1bb9320472d53484f434b204d522d472063616f2063e1baa5702c20c491c6b0e1bba363206cc3a06d20686fc3a06e20746fc3a06e2062e1bab16e67206b696d206c6fe1baa1692c207068c3b92068e1bba37020c49169206269e1bb836e2e20c490c6b0e1bba3632062e1bb8d63207468c3a97020746974616e2c206bc3ad6e206b68c3ad2076e1bb9b69206b68e1baa3206ec4836e67206368e1bb916e67206ec6b0e1bb9b632049534f20323030206dc3a97420e28094206de1bb99742073e1bbb12062e1bb952073756e672063686f2064c3b26e6720c491e1bb936e672068e1bb93207468e1bba3206ce1bab76e206368c3ad6e68207468e1bba9632063e1bba7612046524f474d414e2e20436869e1babf6320c491e1bb936e672068e1bb932064c3a06e682063686f207468e1bba3206ce1bab76e206ec3a0792063c3b320746869e1babf74206be1babf2062e1baa57420c491e1bb91692078e1bba96e6720c491e1bb996320c491c3a16f2c206de1bab774207361752062e1baaf742076c3ad742076c3a02068c3ac6e68206368c3ba20e1babf6368206ce1bab76e20c491e1bab763206269e1bb87742c2076e1bb916e2072e1baa574207068e1bb95206269e1babf6e206b68692046524f474d414e20c491c6b0e1bba363207261206de1baaf742076c3a06f206ec4836d20313939332076c3a020c491c3a320c491c6b0e1bba363206ec3a26e672063e1baa570206cc3aa6e2074e1baa76d2063616f206de1bb9b692e, 245, 0, 6, 2),
('id17', 'MRG-B2000R-1A', 0x362e61766966, 21300000, '2024-05-31 00:00:00', 0x4de1baab7520c491e1bb936e672068e1bb9320472d53484f434b204d522d472063616f2063e1baa5702c20c491c6b0e1bba363206cc3a06d20686fc3a06e20746fc3a06e2062e1bab16e67206b696d206c6fe1baa1692c207068c3b92068e1bba37020c49169206269e1bb836e2e20c490c6b0e1bba3632062e1bb8d63207468c3a97020746974616e2c206bc3ad6e206b68c3ad2076e1bb9b69206b68e1baa3206ec4836e67206368e1bb916e67206ec6b0e1bb9b632049534f20323030206dc3a97420e28094206de1bb99742073e1bbb12062e1bb952073756e672063686f2064c3b26e6720c491e1bb936e672068e1bb93207468e1bba3206ce1bab76e206368c3ad6e68207468e1bba9632063e1bba7612046524f474d414e2e20436869e1babf6320c491e1bb936e672068e1bb932064c3a06e682063686f207468e1bba3206ce1bab76e206ec3a0792063c3b320746869e1babf74206be1babf2062e1baa57420c491e1bb91692078e1bba96e6720c491e1bb996320c491c3a16f2c206de1bab774207361752062e1baaf742076c3ad742076c3a02068c3ac6e68206368c3ba20e1babf6368206ce1bab76e20c491e1bab763206269e1bb87742c2076e1bb916e2072e1baa574207068e1bb95206269e1babf6e206b68692046524f474d414e20c491c6b0e1bba363207261206de1baaf742076c3a06f206ec4836d20313939332076c3a020c491c3a320c491c6b0e1bba363206ec3a26e672063e1baa570206cc3aa6e2074e1baa76d2063616f206de1bb9b692e, 167, 0, 14, 2),
('id18', 'MRG-BF1000E-1A9', 0x372e61766966, 26200000, '2024-05-31 00:00:00', 0x4de1baab7520c491e1bb936e672068e1bb9320472d53484f434b204d522d472063616f2063e1baa5702c20c491c6b0e1bba363206cc3a06d20686fc3a06e20746fc3a06e2062e1bab16e67206b696d206c6fe1baa1692c207068c3b92068e1bba37020c49169206269e1bb836e2e20c490c6b0e1bba3632062e1bb8d63207468c3a97020746974616e2c206bc3ad6e206b68c3ad2076e1bb9b69206b68e1baa3206ec4836e67206368e1bb916e67206ec6b0e1bb9b632049534f20323030206dc3a97420e28094206de1bb99742073e1bbb12062e1bb952073756e672063686f2064c3b26e6720c491e1bb936e672068e1bb93207468e1bba3206ce1bab76e206368c3ad6e68207468e1bba9632063e1bba7612046524f474d414e2e20436869e1babf6320c491e1bb936e672068e1bb932064c3a06e682063686f207468e1bba3206ce1bab76e206ec3a0792063c3b320746869e1babf74206be1babf2062e1baa57420c491e1bb91692078e1bba96e6720c491e1bb996320c491c3a16f2c206de1bab774207361752062e1baaf742076c3ad742076c3a02068c3ac6e68206368c3ba20e1babf6368206ce1bab76e20c491e1bab763206269e1bb87742c2076e1bb916e2072e1baa574207068e1bb95206269e1babf6e206b68692046524f474d414e20c491c6b0e1bba363207261206de1baaf742076c3a06f206ec4836d20313939332076c3a020c491c3a320c491c6b0e1bba363206ec3a26e672063e1baa570206cc3aa6e2074e1baa76d2063616f206de1bb9b692e, 237, 0, 0, 2),
('id19', 'GBD-H1000-4A1', 0x382e61766966, 25600000, '2024-05-31 00:00:00', 0x4de1baab7520c491e1bb936e672068e1bb9320472d53484f434b204d522d472063616f2063e1baa5702c20c491c6b0e1bba363206cc3a06d20686fc3a06e20746fc3a06e2062e1bab16e67206b696d206c6fe1baa1692c207068c3b92068e1bba37020c49169206269e1bb836e2e20c490c6b0e1bba3632062e1bb8d63207468c3a97020746974616e2c206bc3ad6e206b68c3ad2076e1bb9b69206b68e1baa3206ec4836e67206368e1bb916e67206ec6b0e1bb9b632049534f20323030206dc3a97420e28094206de1bb99742073e1bbb12062e1bb952073756e672063686f2064c3b26e6720c491e1bb936e672068e1bb93207468e1bba3206ce1bab76e206368c3ad6e68207468e1bba9632063e1bba7612046524f474d414e2e20436869e1babf6320c491e1bb936e672068e1bb932064c3a06e682063686f207468e1bba3206ce1bab76e206ec3a0792063c3b320746869e1babf74206be1babf2062e1baa57420c491e1bb91692078e1bba96e6720c491e1bb996320c491c3a16f2c206de1bab774207361752062e1baaf742076c3ad742076c3a02068c3ac6e68206368c3ba20e1babf6368206ce1bab76e20c491e1bab763206269e1bb87742c2076e1bb916e2072e1baa574207068e1bb95206269e1babf6e206b68692046524f474d414e20c491c6b0e1bba363207261206de1baaf742076c3a06f206ec4836d20313939332076c3a020c491c3a320c491c6b0e1bba363206ec3a26e672063e1baa570206cc3aa6e2074e1baa76d2063616f206de1bb9b692e, 271, 2, 16, 2),
('id2', 'MRG-BF3500B-1A', 0x322e706e67, 9800000, '2024-05-30 00:00:00', 0x4de1baab7520c491e1bb936e672068e1bb9320472d53484f434b204d522d472063616f2063e1baa5702c20c491c6b0e1bba363206cc3a06d20686fc3a06e20746fc3a06e2062e1bab16e67206b696d206c6fe1baa1692c207068c3b92068e1bba37020c49169206269e1bb836e2e20c490c6b0e1bba3632062e1bb8d63207468c3a97020746974616e2c206bc3ad6e206b68c3ad2076e1bb9b69206b68e1baa3206ec4836e67206368e1bb916e67206ec6b0e1bb9b632049534f20323030206dc3a97420e28094206de1bb99742073e1bbb12062e1bb952073756e672063686f2064c3b26e6720c491e1bb936e672068e1bb93207468e1bba3206ce1bab76e206368c3ad6e68207468e1bba9632063e1bba7612046524f474d414e2e20436869e1babf6320c491e1bb936e672068e1bb932064c3a06e682063686f207468e1bba3206ce1bab76e206ec3a0792063c3b320746869e1babf74206be1babf2062e1baa57420c491e1bb91692078e1bba96e6720c491e1bb996320c491c3a16f2c206de1bab774207361752062e1baaf742076c3ad742076c3a02068c3ac6e68206368c3ba20e1babf6368206ce1bab76e20c491e1bab763206269e1bb87742c2076e1bb916e2072e1baa574207068e1bb95206269e1babf6e206b68692046524f474d414e20c491c6b0e1bba363207261206de1baaf742076c3a06f206ec4836d20313939332076c3a020c491c3a320c491c6b0e1bba363206ec3a26e672063e1baa570206cc3aa6e2074e1baa76d2063616f206de1bb9b692e, 222, 0, 1, 1),
('id20', 'GBD-H2000-1A', 0x392e61766966, 23540000, '2024-05-31 00:00:00', 0x4de1baab7520c491e1bb936e672068e1bb9320472d53484f434b204d522d472063616f2063e1baa5702c20c491c6b0e1bba363206cc3a06d20686fc3a06e20746fc3a06e2062e1bab16e67206b696d206c6fe1baa1692c207068c3b92068e1bba37020c49169206269e1bb836e2e20c490c6b0e1bba3632062e1bb8d63207468c3a97020746974616e2c206bc3ad6e206b68c3ad2076e1bb9b69206b68e1baa3206ec4836e67206368e1bb916e67206ec6b0e1bb9b632049534f20323030206dc3a97420e28094206de1bb99742073e1bbb12062e1bb952073756e672063686f2064c3b26e6720c491e1bb936e672068e1bb93207468e1bba3206ce1bab76e206368c3ad6e68207468e1bba9632063e1bba7612046524f474d414e2e20436869e1babf6320c491e1bb936e672068e1bb932064c3a06e682063686f207468e1bba3206ce1bab76e206ec3a0792063c3b320746869e1babf74206be1babf2062e1baa57420c491e1bb91692078e1bba96e6720c491e1bb996320c491c3a16f2c206de1bab774207361752062e1baaf742076c3ad742076c3a02068c3ac6e68206368c3ba20e1babf6368206ce1bab76e20c491e1bab763206269e1bb87742c2076e1bb916e2072e1baa574207068e1bb95206269e1babf6e206b68692046524f474d414e20c491c6b0e1bba363207261206de1baaf742076c3a06f206ec4836d20313939332076c3a020c491c3a320c491c6b0e1bba363206ec3a26e672063e1baa570206cc3aa6e2074e1baa76d2063616f206de1bb9b692e, 285, 0, 0, 2),
('id21', 'GBD-H2000-2', 0x31302e61766966, 25490000, '2024-05-31 00:00:00', 0x4de1baab7520c491e1bb936e672068e1bb9320472d53484f434b204d522d472063616f2063e1baa5702c20c491c6b0e1bba363206cc3a06d20686fc3a06e20746fc3a06e2062e1bab16e67206b696d206c6fe1baa1692c207068c3b92068e1bba37020c49169206269e1bb836e2e20c490c6b0e1bba3632062e1bb8d63207468c3a97020746974616e2c206bc3ad6e206b68c3ad2076e1bb9b69206b68e1baa3206ec4836e67206368e1bb916e67206ec6b0e1bb9b632049534f20323030206dc3a97420e28094206de1bb99742073e1bbb12062e1bb952073756e672063686f2064c3b26e6720c491e1bb936e672068e1bb93207468e1bba3206ce1bab76e206368c3ad6e68207468e1bba9632063e1bba7612046524f474d414e2e20436869e1babf6320c491e1bb936e672068e1bb932064c3a06e682063686f207468e1bba3206ce1bab76e206ec3a0792063c3b320746869e1babf74206be1babf2062e1baa57420c491e1bb91692078e1bba96e6720c491e1bb996320c491c3a16f2c206de1bab774207361752062e1baaf742076c3ad742076c3a02068c3ac6e68206368c3ba20e1babf6368206ce1bab76e20c491e1bab763206269e1bb87742c2076e1bb916e2072e1baa574207068e1bb95206269e1babf6e206b68692046524f474d414e20c491c6b0e1bba363207261206de1baaf742076c3a06f206ec4836d20313939332076c3a020c491c3a320c491c6b0e1bba363206ec3a26e672063e1baa570206cc3aa6e2074e1baa76d2063616f206de1bb9b692e, 276, 0, 5, 2),
('id22', 'GST-B300E-5A', 0x31312e61766966, 24700000, '2024-05-31 00:00:00', 0x4de1baab7520c491e1bb936e672068e1bb9320472d53484f434b204d522d472063616f2063e1baa5702c20c491c6b0e1bba363206cc3a06d20686fc3a06e20746fc3a06e2062e1bab16e67206b696d206c6fe1baa1692c207068c3b92068e1bba37020c49169206269e1bb836e2e20c490c6b0e1bba3632062e1bb8d63207468c3a97020746974616e2c206bc3ad6e206b68c3ad2076e1bb9b69206b68e1baa3206ec4836e67206368e1bb916e67206ec6b0e1bb9b632049534f20323030206dc3a97420e28094206de1bb99742073e1bbb12062e1bb952073756e672063686f2064c3b26e6720c491e1bb936e672068e1bb93207468e1bba3206ce1bab76e206368c3ad6e68207468e1bba9632063e1bba7612046524f474d414e2e20436869e1babf6320c491e1bb936e672068e1bb932064c3a06e682063686f207468e1bba3206ce1bab76e206ec3a0792063c3b320746869e1babf74206be1babf2062e1baa57420c491e1bb91692078e1bba96e6720c491e1bb996320c491c3a16f2c206de1bab774207361752062e1baaf742076c3ad742076c3a02068c3ac6e68206368c3ba20e1babf6368206ce1bab76e20c491e1bab763206269e1bb87742c2076e1bb916e2072e1baa574207068e1bb95206269e1babf6e206b68692046524f474d414e20c491c6b0e1bba363207261206de1baaf742076c3a06f206ec4836d20313939332076c3a020c491c3a320c491c6b0e1bba363206ec3a26e672063e1baa570206cc3aa6e2074e1baa76d2063616f206de1bb9b692e, 265, 0, 0, 2),
('id23', 'GST-B300WLP-1A', 0x31322e61766966, 34800000, '2024-05-31 00:00:00', 0x4de1baab7520c491e1bb936e672068e1bb9320472d53484f434b204d522d472063616f2063e1baa5702c20c491c6b0e1bba363206cc3a06d20686fc3a06e20746fc3a06e2062e1bab16e67206b696d206c6fe1baa1692c207068c3b92068e1bba37020c49169206269e1bb836e2e20c490c6b0e1bba3632062e1bb8d63207468c3a97020746974616e2c206bc3ad6e206b68c3ad2076e1bb9b69206b68e1baa3206ec4836e67206368e1bb916e67206ec6b0e1bb9b632049534f20323030206dc3a97420e28094206de1bb99742073e1bbb12062e1bb952073756e672063686f2064c3b26e6720c491e1bb936e672068e1bb93207468e1bba3206ce1bab76e206368c3ad6e68207468e1bba9632063e1bba7612046524f474d414e2e20436869e1babf6320c491e1bb936e672068e1bb932064c3a06e682063686f207468e1bba3206ce1bab76e206ec3a0792063c3b320746869e1babf74206be1babf2062e1baa57420c491e1bb91692078e1bba96e6720c491e1bb996320c491c3a16f2c206de1bab774207361752062e1baaf742076c3ad742076c3a02068c3ac6e68206368c3ba20e1babf6368206ce1bab76e20c491e1bab763206269e1bb87742c2076e1bb916e2072e1baa574207068e1bb95206269e1babf6e206b68692046524f474d414e20c491c6b0e1bba363207261206de1baaf742076c3a06f206ec4836d20313939332076c3a020c491c3a320c491c6b0e1bba363206ec3a26e672063e1baa570206cc3aa6e2074e1baa76d2063616f206de1bb9b692e, 213, 0, 0, 2),
('id24', 'MRG-BF1000E-1A9', 0x31332e61766966, 34600000, '2024-05-31 00:00:00', 0x4de1baab7520c491e1bb936e672068e1bb9320472d53484f434b204d522d472063616f2063e1baa5702c20c491c6b0e1bba363206cc3a06d20686fc3a06e20746fc3a06e2062e1bab16e67206b696d206c6fe1baa1692c207068c3b92068e1bba37020c49169206269e1bb836e2e20c490c6b0e1bba3632062e1bb8d63207468c3a97020746974616e2c206bc3ad6e206b68c3ad2076e1bb9b69206b68e1baa3206ec4836e67206368e1bb916e67206ec6b0e1bb9b632049534f20323030206dc3a97420e28094206de1bb99742073e1bbb12062e1bb952073756e672063686f2064c3b26e6720c491e1bb936e672068e1bb93207468e1bba3206ce1bab76e206368c3ad6e68207468e1bba9632063e1bba7612046524f474d414e2e20436869e1babf6320c491e1bb936e672068e1bb932064c3a06e682063686f207468e1bba3206ce1bab76e206ec3a0792063c3b320746869e1babf74206be1babf2062e1baa57420c491e1bb91692078e1bba96e6720c491e1bb996320c491c3a16f2c206de1bab774207361752062e1baaf742076c3ad742076c3a02068c3ac6e68206368c3ba20e1babf6368206ce1bab76e20c491e1bab763206269e1bb87742c2076e1bb916e2072e1baa574207068e1bb95206269e1babf6e206b68692046524f474d414e20c491c6b0e1bba363207261206de1baaf742076c3a06f206ec4836d20313939332076c3a020c491c3a320c491c6b0e1bba363206ec3a26e672063e1baa570206cc3aa6e2074e1baa76d2063616f206de1bb9b692e, 234, 0, 0, 2),
('id25', 'GG-B100Y-1A', 0x31342e61766966, 23540000, '2024-05-31 00:00:00', 0x4de1baab7520c491e1bb936e672068e1bb9320472d53484f434b204d522d472063616f2063e1baa5702c20c491c6b0e1bba363206cc3a06d20686fc3a06e20746fc3a06e2062e1bab16e67206b696d206c6fe1baa1692c207068c3b92068e1bba37020c49169206269e1bb836e2e20c490c6b0e1bba3632062e1bb8d63207468c3a97020746974616e2c206bc3ad6e206b68c3ad2076e1bb9b69206b68e1baa3206ec4836e67206368e1bb916e67206ec6b0e1bb9b632049534f20323030206dc3a97420e28094206de1bb99742073e1bbb12062e1bb952073756e672063686f2064c3b26e6720c491e1bb936e672068e1bb93207468e1bba3206ce1bab76e206368c3ad6e68207468e1bba9632063e1bba7612046524f474d414e2e20436869e1babf6320c491e1bb936e672068e1bb932064c3a06e682063686f207468e1bba3206ce1bab76e206ec3a0792063c3b320746869e1babf74206be1babf2062e1baa57420c491e1bb91692078e1bba96e6720c491e1bb996320c491c3a16f2c206de1bab774207361752062e1baaf742076c3ad742076c3a02068c3ac6e68206368c3ba20e1babf6368206ce1bab76e20c491e1bab763206269e1bb87742c2076e1bb916e2072e1baa574207068e1bb95206269e1babf6e206b68692046524f474d414e20c491c6b0e1bba363207261206de1baaf742076c3a06f206ec4836d20313939332076c3a020c491c3a320c491c6b0e1bba363206ec3a26e672063e1baa570206cc3aa6e2074e1baa76d2063616f206de1bb9b692e, 244, 0, 0, 3),
('id26', 'GPR-H1000-1', 0x31352e61766966, 28950000, '2024-05-31 00:00:00', 0x4de1baab7520c491e1bb936e672068e1bb9320472d53484f434b204d522d472063616f2063e1baa5702c20c491c6b0e1bba363206cc3a06d20686fc3a06e20746fc3a06e2062e1bab16e67206b696d206c6fe1baa1692c207068c3b92068e1bba37020c49169206269e1bb836e2e20c490c6b0e1bba3632062e1bb8d63207468c3a97020746974616e2c206bc3ad6e206b68c3ad2076e1bb9b69206b68e1baa3206ec4836e67206368e1bb916e67206ec6b0e1bb9b632049534f20323030206dc3a97420e28094206de1bb99742073e1bbb12062e1bb952073756e672063686f2064c3b26e6720c491e1bb936e672068e1bb93207468e1bba3206ce1bab76e206368c3ad6e68207468e1bba9632063e1bba7612046524f474d414e2e20436869e1babf6320c491e1bb936e672068e1bb932064c3a06e682063686f207468e1bba3206ce1bab76e206ec3a0792063c3b320746869e1babf74206be1babf2062e1baa57420c491e1bb91692078e1bba96e6720c491e1bb996320c491c3a16f2c206de1bab774207361752062e1baaf742076c3ad742076c3a02068c3ac6e68206368c3ba20e1babf6368206ce1bab76e20c491e1bab763206269e1bb87742c2076e1bb916e2072e1baa574207068e1bb95206269e1babf6e206b68692046524f474d414e20c491c6b0e1bba363207261206de1baaf742076c3a06f206ec4836d20313939332076c3a020c491c3a320c491c6b0e1bba363206ec3a26e672063e1baa570206cc3aa6e2074e1baa76d2063616f206de1bb9b692e, 245, -2, 18, 3),
('id27', 'GPR-H1000-9', 0x31362e61766966, 25890000, '2024-05-31 00:00:00', 0x4de1baab7520c491e1bb936e672068e1bb9320472d53484f434b204d522d472063616f2063e1baa5702c20c491c6b0e1bba363206cc3a06d20686fc3a06e20746fc3a06e2062e1bab16e67206b696d206c6fe1baa1692c207068c3b92068e1bba37020c49169206269e1bb836e2e20c490c6b0e1bba3632062e1bb8d63207468c3a97020746974616e2c206bc3ad6e206b68c3ad2076e1bb9b69206b68e1baa3206ec4836e67206368e1bb916e67206ec6b0e1bb9b632049534f20323030206dc3a97420e28094206de1bb99742073e1bbb12062e1bb952073756e672063686f2064c3b26e6720c491e1bb936e672068e1bb93207468e1bba3206ce1bab76e206368c3ad6e68207468e1bba9632063e1bba7612046524f474d414e2e20436869e1babf6320c491e1bb936e672068e1bb932064c3a06e682063686f207468e1bba3206ce1bab76e206ec3a0792063c3b320746869e1babf74206be1babf2062e1baa57420c491e1bb91692078e1bba96e6720c491e1bb996320c491c3a16f2c206de1bab774207361752062e1baaf742076c3ad742076c3a02068c3ac6e68206368c3ba20e1babf6368206ce1bab76e20c491e1bab763206269e1bb87742c2076e1bb916e2072e1baa574207068e1bb95206269e1babf6e206b68692046524f474d414e20c491c6b0e1bba363207261206de1baaf742076c3a06f206ec4836d20313939332076c3a020c491c3a320c491c6b0e1bba363206ec3a26e672063e1baa570206cc3aa6e2074e1baa76d2063616f206de1bb9b692e, 246, 0, 89, 3),
('id28', 'GW-9400Y-1', 0x31372e61766966, 26800000, '2024-05-31 00:00:00', 0x4de1baab7520c491e1bb936e672068e1bb9320472d53484f434b204d522d472063616f2063e1baa5702c20c491c6b0e1bba363206cc3a06d20686fc3a06e20746fc3a06e2062e1bab16e67206b696d206c6fe1baa1692c207068c3b92068e1bba37020c49169206269e1bb836e2e20c490c6b0e1bba3632062e1bb8d63207468c3a97020746974616e2c206bc3ad6e206b68c3ad2076e1bb9b69206b68e1baa3206ec4836e67206368e1bb916e67206ec6b0e1bb9b632049534f20323030206dc3a97420e28094206de1bb99742073e1bbb12062e1bb952073756e672063686f2064c3b26e6720c491e1bb936e672068e1bb93207468e1bba3206ce1bab76e206368c3ad6e68207468e1bba9632063e1bba7612046524f474d414e2e20436869e1babf6320c491e1bb936e672068e1bb932064c3a06e682063686f207468e1bba3206ce1bab76e206ec3a0792063c3b320746869e1babf74206be1babf2062e1baa57420c491e1bb91692078e1bba96e6720c491e1bb996320c491c3a16f2c206de1bab774207361752062e1baaf742076c3ad742076c3a02068c3ac6e68206368c3ba20e1babf6368206ce1bab76e20c491e1bab763206269e1bb87742c2076e1bb916e2072e1baa574207068e1bb95206269e1babf6e206b68692046524f474d414e20c491c6b0e1bba363207261206de1baaf742076c3a06f206ec4836d20313939332076c3a020c491c3a320c491c6b0e1bba363206ec3a26e672063e1baa570206cc3aa6e2074e1baa76d2063616f206de1bb9b692e, 232, 0, 5, 3),
('id29', 'GW-9500-1A4', 0x31382e61766966, 19800000, '2024-05-31 00:00:00', 0x4de1baab7520c491e1bb936e672068e1bb9320472d53484f434b204d522d472063616f2063e1baa5702c20c491c6b0e1bba363206cc3a06d20686fc3a06e20746fc3a06e2062e1bab16e67206b696d206c6fe1baa1692c207068c3b92068e1bba37020c49169206269e1bb836e2e20c490c6b0e1bba3632062e1bb8d63207468c3a97020746974616e2c206bc3ad6e206b68c3ad2076e1bb9b69206b68e1baa3206ec4836e67206368e1bb916e67206ec6b0e1bb9b632049534f20323030206dc3a97420e28094206de1bb99742073e1bbb12062e1bb952073756e672063686f2064c3b26e6720c491e1bb936e672068e1bb93207468e1bba3206ce1bab76e206368c3ad6e68207468e1bba9632063e1bba7612046524f474d414e2e20436869e1babf6320c491e1bb936e672068e1bb932064c3a06e682063686f207468e1bba3206ce1bab76e206ec3a0792063c3b320746869e1babf74206be1babf2062e1baa57420c491e1bb91692078e1bba96e6720c491e1bb996320c491c3a16f2c206de1bab774207361752062e1baaf742076c3ad742076c3a02068c3ac6e68206368c3ba20e1babf6368206ce1bab76e20c491e1bab763206269e1bb87742c2076e1bb916e2072e1baa574207068e1bb95206269e1babf6e206b68692046524f474d414e20c491c6b0e1bba363207261206de1baaf742076c3a06f206ec4836d20313939332076c3a020c491c3a320c491c6b0e1bba363206ec3a26e672063e1baa570206cc3aa6e2074e1baa76d2063616f206de1bb9b692e, 246, 0, 0, 3),
('id3', 'MRG-BF1000B-1AA', 0x696d616765202834292e61766966, 25800000, '2024-05-30 00:00:00', 0x4de1baab7520c491e1bb936e672068e1bb9320472d53484f434b204d522d472063616f2063e1baa5702c20c491c6b0e1bba363206cc3a06d20686fc3a06e20746fc3a06e2062e1bab16e67206b696d206c6fe1baa1692c207068c3b92068e1bba37020c49169206269e1bb836e2e20c490c6b0e1bba3632062e1bb8d63207468c3a97020746974616e2c206bc3ad6e206b68c3ad2076e1bb9b69206b68e1baa3206ec4836e67206368e1bb916e67206ec6b0e1bb9b632049534f20323030206dc3a97420e28094206de1bb99742073e1bbb12062e1bb952073756e672063686f2064c3b26e6720c491e1bb936e672068e1bb93207468e1bba3206ce1bab76e206368c3ad6e68207468e1bba9632063e1bba7612046524f474d414e2e20436869e1babf6320c491e1bb936e672068e1bb932064c3a06e682063686f207468e1bba3206ce1bab76e206ec3a0792063c3b320746869e1babf74206be1babf2062e1baa57420c491e1bb91692078e1bba96e6720c491e1bb996320c491c3a16f2c206de1bab774207361752062e1baaf742076c3ad742076c3a02068c3ac6e68206368c3ba20e1babf6368206ce1bab76e20c491e1bab763206269e1bb87742c2076e1bb916e2072e1baa574207068e1bb95206269e1babf6e206b68692046524f474d414e20c491c6b0e1bba363207261206de1baaf742076c3a06f206ec4836d20313939332076c3a020c491c3a320c491c6b0e1bba363206ec3a26e672063e1baa570206cc3aa6e2074e1baa76d2063616f206de1bb9b692e, 249, 1, 130, 1),
('id30', 'GW-9500TLC-1', 0x31392e61766966, 25000000, '2024-05-31 00:00:00', 0x4de1baab7520c491e1bb936e672068e1bb9320472d53484f434b204d522d472063616f2063e1baa5702c20c491c6b0e1bba363206cc3a06d20686fc3a06e20746fc3a06e2062e1bab16e67206b696d206c6fe1baa1692c207068c3b92068e1bba37020c49169206269e1bb836e2e20c490c6b0e1bba3632062e1bb8d63207468c3a97020746974616e2c206bc3ad6e206b68c3ad2076e1bb9b69206b68e1baa3206ec4836e67206368e1bb916e67206ec6b0e1bb9b632049534f20323030206dc3a97420e28094206de1bb99742073e1bbb12062e1bb952073756e672063686f2064c3b26e6720c491e1bb936e672068e1bb93207468e1bba3206ce1bab76e206368c3ad6e68207468e1bba9632063e1bba7612046524f474d414e2e20436869e1babf6320c491e1bb936e672068e1bb932064c3a06e682063686f207468e1bba3206ce1bab76e206ec3a0792063c3b320746869e1babf74206be1babf2062e1baa57420c491e1bb91692078e1bba96e6720c491e1bb996320c491c3a16f2c206de1bab774207361752062e1baaf742076c3ad742076c3a02068c3ac6e68206368c3ba20e1babf6368206ce1bab76e20c491e1bab763206269e1bb87742c2076e1bb916e2072e1baa574207068e1bb95206269e1babf6e206b68692046524f474d414e20c491c6b0e1bba363207261206de1baaf742076c3a06f206ec4836d20313939332076c3a020c491c3a320c491c6b0e1bba363206ec3a26e672063e1baa570206cc3aa6e2074e1baa76d2063616f206de1bb9b692e, 286, 0, 0, 3),
('id31', 'GWG-2000TLC-1A', 0x32302e61766966, 37890000, '2024-05-31 00:00:00', 0x4de1baab7520c491e1bb936e672068e1bb9320472d53484f434b204d522d472063616f2063e1baa5702c20c491c6b0e1bba363206cc3a06d20686fc3a06e20746fc3a06e2062e1bab16e67206b696d206c6fe1baa1692c207068c3b92068e1bba37020c49169206269e1bb836e2e20c490c6b0e1bba3632062e1bb8d63207468c3a97020746974616e2c206bc3ad6e206b68c3ad2076e1bb9b69206b68e1baa3206ec4836e67206368e1bb916e67206ec6b0e1bb9b632049534f20323030206dc3a97420e28094206de1bb99742073e1bbb12062e1bb952073756e672063686f2064c3b26e6720c491e1bb936e672068e1bb93207468e1bba3206ce1bab76e206368c3ad6e68207468e1bba9632063e1bba7612046524f474d414e2e20436869e1babf6320c491e1bb936e672068e1bb932064c3a06e682063686f207468e1bba3206ce1bab76e206ec3a0792063c3b320746869e1babf74206be1babf2062e1baa57420c491e1bb91692078e1bba96e6720c491e1bb996320c491c3a16f2c206de1bab774207361752062e1baaf742076c3ad742076c3a02068c3ac6e68206368c3ba20e1babf6368206ce1bab76e20c491e1bab763206269e1bb87742c2076e1bb916e2072e1baa574207068e1bb95206269e1babf6e206b68692046524f474d414e20c491c6b0e1bba363207261206de1baaf742076c3a06f206ec4836d20313939332076c3a020c491c3a320c491c6b0e1bba363206ec3a26e672063e1baa570206cc3aa6e2074e1baa76d2063616f206de1bb9b692e, 287, 0, 0, 3),
('id32', 'GWG-2040FR-1A', 0x32312e61766966, 38550000, '2024-05-31 00:00:00', 0x4de1baab7520c491e1bb936e672068e1bb9320472d53484f434b204d522d472063616f2063e1baa5702c20c491c6b0e1bba363206cc3a06d20686fc3a06e20746fc3a06e2062e1bab16e67206b696d206c6fe1baa1692c207068c3b92068e1bba37020c49169206269e1bb836e2e20c490c6b0e1bba3632062e1bb8d63207468c3a97020746974616e2c206bc3ad6e206b68c3ad2076e1bb9b69206b68e1baa3206ec4836e67206368e1bb916e67206ec6b0e1bb9b632049534f20323030206dc3a97420e28094206de1bb99742073e1bbb12062e1bb952073756e672063686f2064c3b26e6720c491e1bb936e672068e1bb93207468e1bba3206ce1bab76e206368c3ad6e68207468e1bba9632063e1bba7612046524f474d414e2e20436869e1babf6320c491e1bb936e672068e1bb932064c3a06e682063686f207468e1bba3206ce1bab76e206ec3a0792063c3b320746869e1babf74206be1babf2062e1baa57420c491e1bb91692078e1bba96e6720c491e1bb996320c491c3a16f2c206de1bab774207361752062e1baaf742076c3ad742076c3a02068c3ac6e68206368c3ba20e1babf6368206ce1bab76e20c491e1bab763206269e1bb87742c2076e1bb916e2072e1baa574207068e1bb95206269e1babf6e206b68692046524f474d414e20c491c6b0e1bba363207261206de1baaf742076c3a06f206ec4836d20313939332076c3a020c491c3a320c491c6b0e1bba363206ec3a26e672063e1baa570206cc3aa6e2074e1baa76d2063616f206de1bb9b692e, 265, 0, 3, 3),
('id33', 'GWG-B1000-1A', 0x32322e61766966, 28750000, '2024-05-31 00:00:00', 0x4de1baab7520c491e1bb936e672068e1bb9320472d53484f434b204d522d472063616f2063e1baa5702c20c491c6b0e1bba363206cc3a06d20686fc3a06e20746fc3a06e2062e1bab16e67206b696d206c6fe1baa1692c207068c3b92068e1bba37020c49169206269e1bb836e2e20c490c6b0e1bba3632062e1bb8d63207468c3a97020746974616e2c206bc3ad6e206b68c3ad2076e1bb9b69206b68e1baa3206ec4836e67206368e1bb916e67206ec6b0e1bb9b632049534f20323030206dc3a97420e28094206de1bb99742073e1bbb12062e1bb952073756e672063686f2064c3b26e6720c491e1bb936e672068e1bb93207468e1bba3206ce1bab76e206368c3ad6e68207468e1bba9632063e1bba7612046524f474d414e2e20436869e1babf6320c491e1bb936e672068e1bb932064c3a06e682063686f207468e1bba3206ce1bab76e206ec3a0792063c3b320746869e1babf74206be1babf2062e1baa57420c491e1bb91692078e1bba96e6720c491e1bb996320c491c3a16f2c206de1bab774207361752062e1baaf742076c3ad742076c3a02068c3ac6e68206368c3ba20e1babf6368206ce1bab76e20c491e1bab763206269e1bb87742c2076e1bb916e2072e1baa574207068e1bb95206269e1babf6e206b68692046524f474d414e20c491c6b0e1bba363207261206de1baaf742076c3a06f206ec4836d20313939332076c3a020c491c3a320c491c6b0e1bba363206ec3a26e672063e1baa570206cc3aa6e2074e1baa76d2063616f206de1bb9b692e, 265, 0, 0, 3),
('id34', 'GWG-B1000-1A4', 0x32332e61766966, 25700000, '2024-05-31 00:00:00', 0x4de1baab7520c491e1bb936e672068e1bb9320472d53484f434b204d522d472063616f2063e1baa5702c20c491c6b0e1bba363206cc3a06d20686fc3a06e20746fc3a06e2062e1bab16e67206b696d206c6fe1baa1692c207068c3b92068e1bba37020c49169206269e1bb836e2e20c490c6b0e1bba3632062e1bb8d63207468c3a97020746974616e2c206bc3ad6e206b68c3ad2076e1bb9b69206b68e1baa3206ec4836e67206368e1bb916e67206ec6b0e1bb9b632049534f20323030206dc3a97420e28094206de1bb99742073e1bbb12062e1bb952073756e672063686f2064c3b26e6720c491e1bb936e672068e1bb93207468e1bba3206ce1bab76e206368c3ad6e68207468e1bba9632063e1bba7612046524f474d414e2e20436869e1babf6320c491e1bb936e672068e1bb932064c3a06e682063686f207468e1bba3206ce1bab76e206ec3a0792063c3b320746869e1babf74206be1babf2062e1baa57420c491e1bb91692078e1bba96e6720c491e1bb996320c491c3a16f2c206de1bab774207361752062e1baaf742076c3ad742076c3a02068c3ac6e68206368c3ba20e1babf6368206ce1bab76e20c491e1bab763206269e1bb87742c2076e1bb916e2072e1baa574207068e1bb95206269e1babf6e206b68692046524f474d414e20c491c6b0e1bba363207261206de1baaf742076c3a06f206ec4836d20313939332076c3a020c491c3a320c491c6b0e1bba363206ec3a26e672063e1baa570206cc3aa6e2074e1baa76d2063616f206de1bb9b692e, 325, 0, 0, 3),
('id35', 'GWG-B1000-3A', 0x32342e61766966, 27890000, '2024-05-31 00:00:00', 0x4de1baab7520c491e1bb936e672068e1bb9320472d53484f434b204d522d472063616f2063e1baa5702c20c491c6b0e1bba363206cc3a06d20686fc3a06e20746fc3a06e2062e1bab16e67206b696d206c6fe1baa1692c207068c3b92068e1bba37020c49169206269e1bb836e2e20c490c6b0e1bba3632062e1bb8d63207468c3a97020746974616e2c206bc3ad6e206b68c3ad2076e1bb9b69206b68e1baa3206ec4836e67206368e1bb916e67206ec6b0e1bb9b632049534f20323030206dc3a97420e28094206de1bb99742073e1bbb12062e1bb952073756e672063686f2064c3b26e6720c491e1bb936e672068e1bb93207468e1bba3206ce1bab76e206368c3ad6e68207468e1bba9632063e1bba7612046524f474d414e2e20436869e1babf6320c491e1bb936e672068e1bb932064c3a06e682063686f207468e1bba3206ce1bab76e206ec3a0792063c3b320746869e1babf74206be1babf2062e1baa57420c491e1bb91692078e1bba96e6720c491e1bb996320c491c3a16f2c206de1bab774207361752062e1baaf742076c3ad742076c3a02068c3ac6e68206368c3ba20e1babf6368206ce1bab76e20c491e1bab763206269e1bb87742c2076e1bb916e2072e1baa574207068e1bb95206269e1babf6e206b68692046524f474d414e20c491c6b0e1bba363207261206de1baaf742076c3a06f206ec4836d20313939332076c3a020c491c3a320c491c6b0e1bba363206ec3a26e672063e1baa570206cc3aa6e2074e1baa76d2063616f206de1bb9b692e, 225, 0, 0, 3),
('id36', 'MRG-B2000BS-3A', 0x32352e61766966, 29850000, '2024-05-31 00:00:00', 0x4de1baab7520c491e1bb936e672068e1bb9320472d53484f434b204d522d472063616f2063e1baa5702c20c491c6b0e1bba363206cc3a06d20686fc3a06e20746fc3a06e2062e1bab16e67206b696d206c6fe1baa1692c207068c3b92068e1bba37020c49169206269e1bb836e2e20c490c6b0e1bba3632062e1bb8d63207468c3a97020746974616e2c206bc3ad6e206b68c3ad2076e1bb9b69206b68e1baa3206ec4836e67206368e1bb916e67206ec6b0e1bb9b632049534f20323030206dc3a97420e28094206de1bb99742073e1bbb12062e1bb952073756e672063686f2064c3b26e6720c491e1bb936e672068e1bb93207468e1bba3206ce1bab76e206368c3ad6e68207468e1bba9632063e1bba7612046524f474d414e2e20436869e1babf6320c491e1bb936e672068e1bb932064c3a06e682063686f207468e1bba3206ce1bab76e206ec3a0792063c3b320746869e1babf74206be1babf2062e1baa57420c491e1bb91692078e1bba96e6720c491e1bb996320c491c3a16f2c206de1bab774207361752062e1baaf742076c3ad742076c3a02068c3ac6e68206368c3ba20e1babf6368206ce1bab76e20c491e1bab763206269e1bb87742c2076e1bb916e2072e1baa574207068e1bb95206269e1babf6e206b68692046524f474d414e20c491c6b0e1bba363207261206de1baaf742076c3a06f206ec4836d20313939332076c3a020c491c3a320c491c6b0e1bba363206ec3a26e672063e1baa570206cc3aa6e2074e1baa76d2063616f206de1bb9b692e, 254, 0, 0, 3);
INSERT INTO `products` (`id`, `productname`, `image`, `price`, `createdate`, `description`, `quantity`, `salescount`, `viewcount`, `categoryid`) VALUES
('id4', 'MRG-BF1000B-1AA', 0x696d616765202831292e61766966, 23500000, '2024-05-30 00:00:00', 0x0000001c667479706176696600000000617669666d6966316d696166000001986d657461000000000000002168646c72000000000000000070696374000000000000000000000000000000000e7069746d00000000000100000034696c6f63000000004440000200020000000001bc000100000000000006890001000000000845000100000000000043960000003869696e6600000000000200000015696e66650200000000010000617630310000000015696e666502000000000200006176303100000000d769707270000000b16970636f00000013636f6c726e636c780001000d0006800000000c6176314381011c0000000014697370650000000000000198000001980000000e7069786900000000010800000038617578430000000075726e3a6d7065673a6d706567423a636963703a73797374656d733a617578696c696172793a616c706861000000000c6176314381010c000000001469737065000000000000019800000198000000107069786900000000030808080000001e69706d61000000000000000200010401860708000204820304850000001a69726566000000000000000e6175786c00020001000100004a276d64617412000a06186232f9761532fc0c11d0082050b4911331a2ec07012823f2402227266e70be0c15087ab4a196520dd9dfe0eb369d4111060b9abd7293e3d3de141f83987e5bef89190dfbb6f78ea436379668d0c74ad11634a6f39cfcb8406688f8c5743f361eace04c12f9301ed2e95f79eff666f90301cfd0c2616df7e482378437c9524c6c6e1cf3c4c5a08c721c7df3e100498f15efe07b38eeab20522998e0b9bd35c4fa6e1482f7f11192aee80cf149240632b5ba1031c7e7d8cbd590af65fe491df6c303c6a22d2452426f8dfd7b3293b3c6336b90f056059298a997a7316b72d093edde90e02a6dd6b07bffc8aab54624ad4c1b1fa57fb7854daaed00678ffdbe46fb1f37185e8a66712ba78d81f51da4161b2628e59212d48185eff7e3853624668a2e4aabe968dedf14603a7ef1bf44095be19b710ab3559124e1de8db0196847a9409a25791a2b97141ff88f919276b154f3e47e88268cfff26e16757bc62ccf0b350acee588271f0a3f97fd7983c4e276db3c34d6808d2eb063ee9c9747be2ad00e1cfab29cc16381fd24ff1c8833e54ec17184e15c68b2066b8f94ec0b12ec43d0ce6ec117dbbdccc9cc66638b9e0dba5902cb31ac8132da539f5738a65081d298f2baeabb65db538a8533b3837d7d7bb82d3c0de93271ca5ec001e0e30208945cfaa5b96d2df84db200012c022238e8b6f3bf2cc53788319866b1814b2f1c00a2e7ea17bed5d0ed8c57ea51148416d21718ec94ab24d297565846b048addc720deebb2d9cd085ec5f12bffddd59d0e54f843a073513b68966f11d10e96dc934fb12d33f58a47085b294e77891949415c11672bbc7108c0d83041be2115160a8627107814f8992bf82d90a095363bd1e83abbf5575f231f1acbaac4941c8dd6a03626d13d9b748dc5ed735bc9b53a0715c59b32c20e2382c38b23ab22d76905c926e222694bd29f848a5b03fcb76a8226b9544eabd08cd648173ad824b91040a4f2e2639e9061e96256cc0f9b7ae0c42cf371304303c1fac2ca790f957ba1d172ecfe575b9484100eeb8a1ca6bca6b8063c8653c3b4e2504ae26176e2875468d7ff177b7dc600adbf1b6cc643de5fec81da4855a0636e31f4513d8fffc2ed9b91a54e7e1db2d292edd8e330475540f49652a64000e8387da3798b333f72cbb23f749de75eee7dc0f50927312b11a9ff5286d02dace6712af505f0d9b17e8b843322060c584984b5f11452f1bc4d09ddb4a950b21a6993c76ee42feb6e993d9a1d048b8437e6d20aa2bc458d5612a206d6a5b58a1d5eb9aad8c9a76377bcd1a22458b989098edec926123ac4958e01ae35590690c68f6e6cd32deb48d7fb5692a245dfbbfd5971edbec03f6cc8fcc117ad6ba22a59084e602fe76306b2795234251d2bf961d1477b54a774fa65301a044c98927d71c254437062ab02970c7bfe74db5fcf52f98a6c4ea4bf1c5a63fad341a98d1fd6132a5d81986c769fc7109d55229efdfeefc5a3cf9b481226cc62447f3aa0d04e797184f383fe169433a1e605da8818672efbfba2e0b0cff991b05b0b08b3ebcee3844f0fc4421d43b631ebc4c8ee83ff5aff077a4dc1155a4884037eefb4572b6725a41bbf70b3666322f5413c55380214fb80abd05b63af3737e00b04eee08a821e37bd7697fac62f1bd75caef8944188f831501301bce7d5a52dec0093314f7400ddfd076260faf33ef549f42df0e96a9bd5b383ab41febaa50ac9e179f80fcd23393213447dd953aa92f84eee3ad6b39d9363a054bc2c0b27169f33b2a4db14a290a87e95109a2a21b80de2a3b3e6b942a6a8ec5b14eeef0725a86f7fb43e8a65f2020999e2c605cca1a7a991ca6585372c9626d9778d629393c343487323e501c4681a19972a0c1a3d11ef2ce93e7d9f4b1620b55765062e0c4a4d9a250073a4dd79230a15a7d49bf4917ce1bfceb8c3bbfdf328e3841493b4c4595d88a085cdc8abee0db09cc6364bc18f15903fee300bc5d33769d9b4049268bc0e3f3940eea92dbe28a15da7cb0e5fcca6b9a440626d74b395e3ebcf4ac05da8a3fee7ef1ad5b6066f450b0d65df662021ed9e65e0dda53f3cb16a19bf725318ef0817475a97eacd8926f963d10d791ce3bba6395feaf98c59772638da2869ccbae23284cd1b99404e153b6d00fe07aa816c927cd7caeb0f88472178d37d3f0ac91fbc7fa519906e9a70a2d3771b52dcd492e8b01027d7a9b7bfe133e4ad488a426f8e6604fb7da47739b9c947f849ad10aff375ac9ecce02e7ed1ef23cd9b68455268538ef30bebaf42b03dfe06ee761d58a299e10ddc24ae98a719bfb5fcd37567cc70300e5794bd2f09242326fa02b4ec012000a0a186232f97608086834203284870111d00208208140b45ebcd0a54f12af62cc8192b24dad09dccf67071c8a24b6fdc57b4c37dd3df693ca17ffb60dd10783cdeb564917a690c9c8d1555e9f3128249c80948a0e7c7b0042872224bf9e30ac2d6768883d02dbd1c2e742bb2186a424e01d2b8757fad07ec4eba039a7d9d6f2c7e1ed4df3144b09bf43f15154b949662854669abfbab21954d0ee0ea202a6c82d83d403a84dac6aebbdc92a39cf895b8509871052d3956cfaa27dc42ea6ad46be2a9a7dbf1dcdcfacd9e6e25e8ae34d3d0d21bab8917e7cd165f378088970df51d16205c7c8a47252658bd8a9a0a278861e56469ab925f32f5af56480d397486c28035d4e08ba2061123ed96a78ea65b04eac68a5505f92a97473420d7619a91c2dea603b592a4b851cd5faf472442e103a4fdbf1b575c0d792320a1e593e7a223022acd0d5820240d133d71f17bb40a16d8de9b3dc8da8c553bab804b418216d4bba922edd50f2479550079c2c5176e9566eb5c6932de11d4f299d39a17c93ef3eb5c4a04bbaba3140d953339615ba87b8c8105a0472f3d226c8b7f14efa5967576f35667d921ceefabaf42aa61a463733b885e2df80a366ac2fe63bab56ac7eea2547530a1672856aeb38109d1a417bd146c7aa875c159525c1b7879bcaba97ff1d0d980db649b7ebcc101464495d844c81104d456a97ec6d87b00c7a932b741acd62f48546ac42548273cfd7d32f0d9dbf35a8099311c5812a8b6caea148603908f49efe13fecad516e2058abe54c27d57734d8ad64057672dc5ec6ef2bda39262f0933305c1a383bbe8620a8828cf8924bb7845f1455a0a928c860f991e089f2a6de8390988b0bd9ecc03d88cff191e9889e6c9863b47e1956b3d31fdbc1cd1e131d061b3ec956a123f36bc90c4aef45382707158d85df95369da3261d7ae12458354da854205cd4822826c68ccccff3c5cf482b157f7bc448323b284b7b33dc4bb31171ace0c278ac27a42fbfbb901d487937e1ac4b4f3bee362bb052c5d26933cbdc3eb7544b5300ea1cb4faa189d2b166cadced8ba904f56bd8390098f2486954511cb67bbbff3ab722dbc0beae1bdb9cea3b4bf55ceab7c9a49f972e33989d0e547fa8227339f21bcc0d2ee59e756345f8c692d314735aa3f858ff8c8cd2a120d7d513cfa1c2f9c49a3c6994af1097e0ee9bc83560c1ee740341f3b033ceaac2d5597156f489ad54c179768adaee7f95be17de28d8c15d4baa0e6f53f7e5d375e1e414b836af05b95c776b431259f0e97d088860447f356d13b35e4ea3b92e2aaf8b1eb032b89e06445db669095c475550c36825af3975d85338fddd76ac6eed58a584fb2f3effb87ce1fdb53747f8933548f8575a63c17f520e14e5e10d5cb58a6798b82591d01ae3ea599d08da42964e218332ed16bb89d4d52a642f019e48b74ff614f8496e29a495b202c35764da22ec84910e398c0157d57e0cfacbcd99e993dca25033531cc47647ee08e9abc4a2c02e68765c827ed81eb5d5dd57e01413489e01c231cf704f89d8a105c240cddc51c7676fc4c3cee7cebb7000870864c23c17b96cfd2c689b393fc0087662545c280e92b9c8457b99fb72e62aad4757cf51138a4de98167a451c83030d4e2ce7e8f55bb52c95ae565eb24b686eeec577f32f312fde778d2f5f16650bb86b6f99408663da43cc5670b119f3c96fa00de225927ddf73567a58e3d9de2eceb6e93a4a991cfd18d7054e732ea55fe7450903432d4bd0314e83133c0b3328b4797719f415e9d9cfd4d1f7c1d178578be16fe1d46c955c67c6f96a02f0c77e98071359c28a8ee019a8153aa5922eeed4568ac3b16c1567e232c2a637448f74aa78571051115991a0d67668b7763c7bd73ba895022eec38b03adfb558607b104c01cd827d69d88c4bda18754a2547483cf8a9bf63591a1244a1544c811053986a9b25551eac9b3d84b5615d9417fb2ea7fa2efd9e9d2435d710e8af7e0dd42cdb02e75f3c5ea1ede946f15bf99ef727d26a4c5688eeb880bfe552432c8f8c76f7fb3c727396b3d0963ff2095cce571f60bbed7103bbe5f4a55c8e5422c092c6021bab5d758d6a443625c7850177295511f3ab1911a94250d20b72126573ccb2a5912847312d0ccba016a21669fbe2016ff6a1d9965fd43e4208b49e8f26690437a4a8cb4e6bf8563e76f57b6f32973512cf27df8d352177e1f68d85c7525505b74a5d9ce0cf30c317e57847a2d606312246b3c0f959371af1cfaa91621ec6878c82b3ce27d889802bb92fe1fc0f4aabbf488138eb90b1952031ae21bd68aa965998c32b2b33611487f4480c958462b37e4ce55849b19541a898ed079709ee7e62283a8bb6077f0a98d9cee4295b200b0c534f09ea7f2f35929192caede8141c2eff8bdbd3eb6b29aa0cfb3b2af66c1d973bdf75941bf2b4c6c6dd390457ebdbf7c6676ce6badea8d1400a047adc99e93fd93067b5734fc3bfd454645ca4a785bcca1a846fd9dcac2ee882866f1adf4b74ffc9246f71578fbef548723b153fddbe2a2b4cdbce30d9bf15ba70ba723e94122a69431a65216272e2c463b961b739f57da8e2543cf86016def9134cb25e052f2ab7c55e9fc66afdec210516ee325c3ddabcd3dd6efc5c16bb777afd09ac8c8532ff7949795b80c5971ebe5a41b39cdc4a943898bf758f2a1eb905f1641dc042afb9832f5beced90a241d2c734cfe888ae372f930497a67ba5bbbc6197525306e83587a47cccefa62b0cc473c9afcf30377db7128ce079d1a1fa94ef00fa711d21d257dc21e5b5ac7091bca7e1011a7e376ccc04e74b9a8bb69f206cde34d198e0981945c57b363e911c8eaa7492e07b0e10a31289acf9e8eaa90cce1b3337558b39a033472d25607015e61a75bde526c57d97867ec6b3529b2f7c08b76150f0337db399280c24a0b44c0a7e1122d8dac4f0df280854dd97c2ff88e380c7de15d2c7a410481a6555c1b1bfdef2e5d6f22e1b425b10b8a8fd554bcc76ab2585963e10ee59d8b7c4f669fa41e32c414bb8f3a1887af527c8dd41ecf95e1e75a3fd542cf75b4803d55196eb1a72fc250762da231f8a1e3ff729e612e12c2e3772b7ff590614165ec94d10818bb055d5e2a66c2476bc9897c57e8ad3525069b4f64ecc3de5711e84817be110e90296b58ea1492692f81cb95ed0d8ec6100df2b9e89ba2695b82ec0102b09c08038630bc59135b3cfc46697766f68b63c1fa85f3101adba7f233652098e6d8f93519f68a765b471cc752f2d3f4a13d293d9aec21287a4c42945e65af4592276912115baebc6e5a1dd1687c4e41239a3086c30a1fd7e70c5c58c72edc56a7d8d9900fb4a5c388d4adf028d5fe84af2cb980eeb4aede06be461d4ee4313a754e2c4ca549bc2f8a6c3a2dc681c58e0d4652a270b7275f3d9353fd0d7a12fbc335e828b84d4ad6c8a16f156dcc26c4ca750a56ef8abceb131912357a6ee6d8c39fe7edde073af9e2908e5af4457cbe473e54d195cb22051efe177257170d03005c9de004cc47575f302209a8c590da628f905375f2b730bac0eac5190ebe1fe3505a518dd81729abb3cd49b72ddf36113aeb9db72f08315cdc93c4f6622daa9f9e1a4d1498fc3b661d81f2a49cd1b6980e65cd43a7f1e4633b8c4a3a42b7bf49b730dfdb127add435f64383e839f682cd84a63554c369fa8a4201b31ea20eb79546955225281081eba7408249ee1038310d78b49e14ee9d27719c127f398f7bf6df984e653c6b56743ac0d4381559659a27ba40f2096a4c780e1a38ee6b6a764dfcbeb2b82be98c3528d717c9f0c2f21d8e4d6f7b8641b9a215c35280ada4014979df1dc060e395bb49580fbbb6ec9d7f020e5a118dc1a281c0c101475a617e8dcd09f3d3fca5471bdf3d63ad08f2678f932016f178648c636862714170ffe072a2f43a38e57363cd4d5cfdadd090f8d37db7244367acb7bc64d40042a9c0b743a943c226ad7ba250704378464d9e36b1c9ae4c5c764ca7418424bbca4cbfc23bf75498a8e96c86c918932bc89a8b11d3805e42ea1e04fc673bfe964a442db4505d7fdfd5382d94d2c046d8f05731d3297250411efdd394e6f3f2e15671a746d781798a4155e780f61e7f4a3c28c8b686fa6cd62298127ebfedb0d7e25cf7fd72e18dbf730795a3d399dc58f29545bf656618aa86f86c283a7928bbddaf12eb8dda38feb81e06a023f044b111e7d8eb1cae3813e5937a8e333bae8f059e294ece7ddea2a38a7216010b215b12781e05232a6d3917be833214d806c69621bca2551eb493b7e705bd7382533267eb157d3a0ef2034439ee27e95d5ed8595d70c8081824d046dcbf971dd0ee334bb7c006553414b7bf2a0f04526319e77a36279f325f674b9ede2e04ba8a8dd5157d981ccb151ec50b31d7231516db038236234abe8777548eb333387aa6d5721f4a4ae10cfc9bcdd16350f6fa91eafe7bf56f153c0219df733b80031c1fde1a5d36b4998669f86cc20bc1b8cab53ee706064a2d80fd154387fc546e9af56ce5b5425735b4fbaa00e86f9db36ebba1dfef87ca234848f147289d065b7298301ddb8506b7b23dda84a64f81aed610281e87e63a4bfec51e95b543e884708903665a52bbe01219c5b72b39073d3a290450fd1e8b330fb0e726a28939a17b64f530c9c02b9b96139ea58cec61d224930ae0b90a2b4af088443e9e6dfc529858f273064e4d0d233a21f9cb9d2dcf14452624a9311de87566530121cda3b28d28d974809e7fe66625d2be732dbadb4d8b7a775cbadb1526e726efe786fc1cf26d975a424ebee8109e8f495bfa5916343d7acf220fdcea46ce7b5939dabb435c486a48cdca31c420c2fd3fff38839b0b25cf608138bc2d40a091531817b551f16ef8a69327de7da21a3c0f83d8283eecae6e75bb34a7ced094a72a0a67e8d2161361181307f03b4403718c7baeb16feb3826cb6a6e7600af8860cfeb51e875a026c731eb3bad996e1c8a1f6167aafad9e7c4549f5917f974c8d31ccaebdb0db9cacdc1e162f9e247f95ec70cf86213754e81bacd8404a0b24ff140ecc4cfe10cc94044f13a94f66ed4876f3ec54c5b2670c5a66721604ca0dbfb23f2a243afb271ec9b5a9179796c486c279ecb5d3c59aa5074b1ee93cf83bf9242333763e404398376aa1f2c1ee17ea19b9f7c250ddba5e513dae1a757642c662d0881021c8f7fdb646edb92d5f1b08a51b7f44f1120de13757e1934799fe0d53dee29cb4ed9afeadc1677cdbeb86db6c7425b4730667076fbe568057993dfc852b87e8a6696c2d1bfc74c76dcb0010fb0c2a6f73323ef657146a6aeaad7b34199f54ce1b552bae79757015ae34612b4ede3311db002542a55ffb87cfc0f55c984367e6ece3d727ee55cd2082588c87409757f2c6ffcd5218d3b29f9dd7989cc8b6644dd3e3aef3ebfbe025504d88303ffa820ba4a343d9bacd3fcdac3a61e933af76fdfe41eb7560cd63ef7424a4e71d2b1bb36d4c49210cce1f56b100764d9bd3cfa3b47d9f0b33552453372bb31cbff51e543a996002e827d601192831e1b7a0cb478acbb41be5e2304b27105b1706027bceb239fd179f8cd617c6fc38e83b4b20834566d5700e857f687690e07c3d159787114a274601cffe3603d271701501e0d88e281dfcfbd14bab8a22b58c26b3cf9ad4cae3d3fdfb608fc8df402ad205be4ac43f40cdaf37855e6879852909e8d4356e0d1e19d866a57e61c62d71ac6ef49365596fe458d7c15a0681a05dd29a8359a39e68224d4072ae9b42ec66addc1e326656efb3cf1756b1c0b55dfd03d7f05ecc547d42d030cf0f5944e3b9d0bf5aa1a0ad91947f884afd871f8c146838e797ce2556862a6906f3494f73e78c0afd419c6d769f8f5094a3e22eac68bbcb4f0b0914af86a6029eb5ad0045bfc64a186acf4a6229f9cd689a7ce5a6a5608976da1036686d4dbb6ed2e701ac3dcbd7dac4cce77324a7ab862352175206cab4c0e53db9dd6330f866966e529e3bc7a591ef9c406702ec93e059b1c309b1b49988076749177ee47d51d88a135c1723dbc4c691fda0f7fd351d8d941500a75b9878afbb638ed9fd573b5f098378a05b6f2b77e2977215fdd1c9911856d2ad3b4ccb4a868c05ffab6030347213653f954069edae45d985694e312a4b37251260003d8d0cf87c9239015df40eebcb1fed1270e6ece7ba992cd9c4aa30706fd80255e75c4cf57b59326a3b54b879484136b795d11dc5f50f40935fe91f00506b2dfad64ebe5ffbcdf23243a52008cf53cf6117361e0955cd3d45af621b4fe3fd1a94dfda8d8c3e19718d730c67c3107e88582f4ee92b6f988aa104051c5a431b233792e0dfcfa0c29f5e63620d154e8271488ed233320b7e40de8946a24525afde06b53f7c51d5cf6034e9520e33bc76755cff8eb3585f7d3d34a9722d2c8e43697c16d433dc67d23bc61f4ebc16dda54de0ee52b605a122946110c082816e2d5cb7c77553e874902996966610a60b4dcba3dead065d74522e42b507afb9edcc18c3adee408ab445bd1c82becbc32ba3d5fb29b6ef846b6dbaeab32ddb569796604b4d8cbc7d17a70ed29f925815baf78789c1c8e4758970bbbaf51d9f0a03471921679616fea31c6ddb870a0b1ec0c6c4650e389a755ae239ade0b75bbef6bc138921cff3ab202d48a188ed5650a01b4c64879ef15c177385303f7d5b261962c82b0d5a461e29cd287789dc973b840446834ee62eb1e09ed0f425a6484211c1d793cfd885968dd24a77f3d74169a8d5e70ab5a05239d44ae086e3c0a5dd58eb4cd0fa1b7cacef38e6474233ffe66926ea68dcb6f1ce79aa73d4865882c0b843d17d33901314b034ad9b92afc61eec4c5c019a1ea4c3a980a37ad8b98e46c63d2ce265debcc0976f0e25f6a941b175b7a8ebcbc64005b5708a68b51145e2b5a9540348a88a64634876b1cef94b3b81a24127af0e834db5b8abdf15b5a64e98ba8d6dd3b80f7500373335a64d877ab4a4b4cd010e54bb18e08cc02454860ee6b603c61fe35fea525961c693a4dc7223427c421eae5dfd6bf8c37d18c97b153b5b924d1f62ac324487240da261e9b6a875e8c83fb3b79b6b71bc2e63ee536c1bcc6800a2bb2f868daaf247c87454b5570268a0dc4cb2013e172631a3277071e8b13ccc2224910e2255691862817dc3584447a3c89566eaa31bfbdcd702be0844eaf2b73fa06a878d7cd555b634b9535d9fb67666c4e541cb78d3e196a121c4a39c4f3a4914317e8e7332f38d3e564f5ca3c7584d8e0006af8cd71ffdc6eeff06fe8b894838133825bf267604eb263ef35cd524f5bd63a09632fee0d34373bb5139b786f583e5e28ab0ce7f73615a8b322be273b8a26639bdebd74c48576708bcaf871dfbc723fb2d3306578fd0355fb86476c801b3563caa339d19f930f496e136e4167afd42b36d2f3338fe283c357741d55d211afe28b2b0c35cf84fa42888773dab123b7f0f503cb9dae28e943879639270e0e8c7537c701a91a9432569432d40d7f51ae26b8da93b5be531d973a0ed140d17756fb025c083c356c7f2b40928870cc5fb48f854543bba5172e3f78ba973e2e9e04b4f7e9af9b9e6ced1b71d24f432b228aac03e3e5f77df6ab5c2cdb36a5ec3d8700b1f95e63b0cdc9f8ee6421a3b23ab3f53d42d25c003ac14ce64e37dd0e72ef3d86624833932e6e0fba695aad2ad12518f4f3aa0a716dc65a55dc64de96c869fe1843731f93bcad1f4e2fc20dc1df464967d8022228de50a0ed192f4359bfeef84bde835bd3fc4ba78f4c2eba971812d92a141f1b0675af4d264cad9d238c255089604b89c604de28f032eff0c788e189938829ed3fef83afacc42b5e38dd4e351844c0eaa814e251fb7f926d41765d084b816689caec50670815c945c6c963a71129a7d6a1b4543e6eaf7c36364e715a55dea1d3e7c97f8763df8f3afb193117e35b001c276340b89e05993f01d8a8a2a9be80b57f036b21ebbe414cba31405e01660249bb254c86b6e00d95e2db446ae2b35e5760f7e678c4e63bf605834c66ae03a1bba4d11d7ef79ec2be94b19c83eaba9d5f8437bfcbdb9f30a13e0065c53715ec55ebace2618c74e720d7fcccb6633c55f951d23fe430c6d729490e09738bda31985c07b5711f8277e2c47d68fa1893fe7fd3fd2d0248418eb46db770e98c2c654f071bcfdecf76829d13e8a01c248e012e703d5ccb1b24d0024dfb6a0253e86380d2df3bac4f895d6ddbeec2e438537b481f623d058d2fc15a00ebcd57ceaa29e896b8180090aab5f3b6c4bec164ae194079ffe05278d2ca112674b548aa01a691d64ba1fff5e7efeab19b5ba58b04d74a20ac3695bdde139a715d4192c68cc09bb0b93494288c5234532761e4ffadcb8012ad7c8434bab0a2a5513e30d0e2d119a3a765552e592ac90c64d6979ac93d65fb8bb674a0d387e76cab9c1e6424b2cd60a6952c2a46f254854604c69b77b51f79a5664bbd3878db1ac0d7024b36066b9c82546762db633e25d68543eeb80616d517f0ba8e33e71fac2ee1141dfde801df289aa910e98a3310caf8425dac6d3b83771f402e23ddb9ea341adb59a787e37120646b69448c0cdc803b7e9617500943b9abe9fcded66bda59d12e696f63ff6819aac3ea033b9fbba61bb2b2e5f56da61cec1462265bf978ea0b43e269c240c64bb7924acb42568fc9ee2c0b00403518ec7192a821be189153cd09a9d3a18e233fa9d6aa10ecdd88cd10cf159c707e2ebfd0dd3602cdd6372552bfeb5d48ce7f157c47c3f8186bb15290048ac64d2611110305657dfbdd9ef7901d1c77b479028e15d0dae82b9910a72f57a142345e05c82cfce64ae70ab7099343333de6fd9d14c13e1331c0127f8ce8c718ed9c6f0fb06721297dab5b13a4c441d3e61adf90b282b9d9fbd4b3ba270a209610388dba08e7990fd99af4236e65a31169061a9f8a2aea320c8e4e8178179de54a9e58adabb08cf33ec7649f58e71e03a5f4b664b48c33559d252cde36b7a3a3a4b3a1e1f1fef3498b72c34fe6db5c07ec2c12bd5059acc57cf90c0b45f8d1c9ea5d37deee28fa23d766a6daccf0159292b0c051c555afb1475b991654539b6d381567d07d15f841123df3a38ff9d84556b0412091188634f5a6204dc2c3efe674842104aea0d49119eacdf770f7b606ce70b60535048a10c0d60f09e7176e422b9fe54cf91d1fd38b0a04744c4df4a66f66e4cac2bc21b51da4e95a2b9230c0c9bc540f718e6f5dd4e6edfd1d99e589003c7ca4fd1e1186bd6846f0c95d27155d80d5235c09b72668e8f29996c492b4e343f9a07ca1473299c6aea997eb18ddd5cc87d6e9a85e156ed2974ef831a1aa5ebe5491f6ca3f73f93b23179850722c7b5184136c4521b5792c0384f6b28912481d395c8881b6d9906d136891c1184301808556a095bc9c535826350523433ac52c0a3724d4bcb0cb34272be1a787969f4776de30ef648476eacf1fc175c143a42ab2f72a5a7fcdb6e6a1415edc8effd6b943575ae97fd195b25f32499900b7b5fdf67c1bbd31f1f00deddca7f6be7ebe24538b754309ba02fc71336d2cee984e6aea87a292bdb0f6905526202598e77d0527fd409929ba61a35965d6bf0428495e2766132b6c18970ed108abbe4131a0ee1132e7290f8751c238477bf4de66d4c6572de4e5eab38aa5d729fc0cedce2b5981d74ee0d2aaacd33bb75bea3c60e28459a63e19fe3a90bca4173fbab46397e55587e994c581dc6c05496b31aa0b5a7c4083d36d0d39e8272e624ddb9a59e647387ef821d810b22c576f25d57f344497a7533b49e39988cfb7c4ce258ae016d5cf4c9938da5dd04eb7de2ee554bd22956b3817ffc8949ed26344d32d4593df55d42a43dd177427c5e932965d5cb32a273e4430d340f7306aae7ca3accfb2da8e34b500d00c6ed02728317f5fc11a8082e8e1ab40cd83f4f60d807e2792bb7fdb77a48f9bfc0307e6aee8db4bc6890324c64016a55a04af012613b452b761fef337cc36d38e000e4974a9dba70904aa930414b794a3a2b4518cf700fd54deda92f16e98cf0fa1117ef13b277635f20b6969e947db7bbcaa0190012b9fc8e401020e15f2d16a41c502cda4f41b4571d53cda334c7a0c67e89d94183e5c172faf2e33b6d7b8f7b0d99c42ed0dcb323715233de583aaf1f4c27f4cf586f3b49fa4d35b997e0fa0243420a5b59a0c89062a0d5594e67e63cb99a2583af81c866fcd34f89e2ce7102d4def7fbbe0d5a69e0e54cfa563ff1e2754fa978f4023d7e28a3ee5e4f32dbfc1f113f8998ae889fe759457eec291e5ca7abbc09945dde537c73236b7fbf0cbfb248591d58065ae1d05bec40b42f74931f6707d6eb5b1e41aee5db97a6814e3b99fd3db056ea8450abdef8f46de0cdcbe5634f88c7780a7d27a4a904486b95591394a0ba38dd513a7358af2a4e094635f7ec20eb57012f4925faefa5f1e78d855556e091df53b12433aca69caef2f18219e73f1fe38f7e566249b4d2a72c82bf537ec2f3bdb4396de8639809489df96d73c5a0c894fee7806771a85db516fe2c42049af36ed81085699bc4695b82a44721481d85dc3f01b71a392fc6164cda65d0c944fdd751b8cf4d42fabfae76d113c2465d953effae5a37bfe0f0ef2e8d51a6ef29dad70be97a66188689440fec61ed51e7bb2bc327498c653ba46c074114a4d85488f64df8df4f162d335c0b2e3a8f14e2db3b9ea4096972b9081bdb08d5e0d6b01f7cd6bd8ca41fbb6c7a20c144a32a3b1c8de0fb401ba1830dee86d10e955eee97e3a91f3017fd935e7edaed4eaa475486e6a4b5315b3fea134fb9a7eebe575cb9186d2c4793f9907f2f203b6ec0705c49ac196373f7ff2e82627b17e83cc15e8de0d9fe994e3b65b12d4798a9ba29146acd2fd65410cccdc4ea4919c210c04783010e0cff2f74297e7c6ec5f0a9a054fa189c0136fa517e9fc9f59f1f052bd8fd3ee492c7952f7f5e5a7f5072bfbd1fdd95b0838120fc9e2cb3549e2c85f0934324460b23807cfe1cae07215d62fdc3ad7ca60020630439d2a3749f4f382b0bff9b04bfbbdb8314b54089f14884791eff330e6b0ca858bf8cafb00a9eddf96711edc59b13c70e4a0716f250c26e2eb28df6e27f743fd97cb402d951e8644312dadc73229ec492fed4d62bc50eac95ceb74bf44fc63f76054a22843295265c34a63d28c0199b2d6b8889a3af68191fdab6affe85d517dc5d5faf188ea0e0e6578abb48cfb73f97aa179219a712a0e2aae0dd519a21ebdab83a1f8405933532a18620e49501f9c37020c680143dfad265a65f0c719bfa34eab4b03e08032e6e252562e73a29a36b2514f3d8ef8d0fbe47f4fd747e71c20facc2e189aad0e21a1dccc15a553cdb0f106ba7862dd799e5d524d9d47d53c097e71deb7a06d2423b738fc721b7aaa6544c412f39500fe379f94e2cfadfc4fa4a18b06c6abd09d2a5e560ee47d6a259cf3c7dd1fba0bdb792158570b706405e6d7a1a865a340ab3a1e9314ba812e9d212329704f49e2174f0cb32464b4fc6b5b45b4efd9cd7ea1b3f5659565874a0ca84c0cdb1d8b583281a1b00e7e3c4616dadd9b91dfee16db8deb325c500fcd018c30510b4575245b1f8f20b8819f7cb35f751c3283d40c07c63d076798cbcb2a78f7ffd74a231eb2c4fb81625164f8458689cb2f9b1a37401cdbf8af8e5e1bf3b6b174459b84188851e2aa3d9d9089d86e1c52f85cf31550c08ce08218ff8c974888a95e29e1e73f7ae060f6473f8bd013b64740b2de9663deef30c923c4c97ce5d7cc6aa71b89c3fc0e60c6b3873db87aee21371d40afbd4962a56ecf440235ab4d6c261aab1b31cb776a599d73eae6b7ed2d25bf050abc782eb54c6d0e1d46b26af223e7721959771c9af6d3c9afdc8ca463314d227eb7f9c9b9221ba0e23db399269e7b33fd756665f519bb6ba7a2e98635ab694f3d74cf44a68beb474a0dc70f046023d9d6ea9d4c9149ee8d3017a9a5ee7b8691639402c6d636649c20264c5260fab55fbdeb3fc658fc435c54ab41f221b5f99d50151ac6a251674af8811a801853cdd2f96ff077478027d2b5d0828041e2895f46cb14566dbf9f79a148b572120d7e2c2f371ae4ff7ffb18a29bbbe57425571f737ad3b6562ff98ec32085da7f4c88b55f7759c18142c4f539dd38c19440529f1e0526b9c6a33bc8e568db2db1ba2e073285e14fde28e1bd5f07bc2fcbc14070d70e40faba9b9841eb01f5261f7c4421ea0a9b40e589422d98614e516671e23141caa0407930c51fdd4bd62080f39a7dc1dbdda43d0189450a7613aca39571e9e911bce803db8ac655caffa951f8edcab16eb99becc1cea8b820b7d626da8a90f0947262394f9dce80b801b177bd57795db3461aa75a9e51194a1a8529a981c482be01173a87b4e6b68b188769da67867241fc1f72f6472568c50a6a3c0d82b2bb7753a5e468d32379229613d7998768082cb98fc871325e313c2564f229fd13129f84c4b92c5626909f53f31b5dd5281e4668c60422c6b0ea02d8ba508ba8324fdbe65b78b69d1e3740049287c7ac987e3b87a22182807d9146bb2eb02ec69b748bd1de79656b4bdbf1eb429b2cb8b5795eb3e0eced6a5528a8597917ba5a3b34fc0f7a53d63786520e78dc44ea0f16477485e636089ec5b720bb1866f9d141eed40accfbd6b777f3eb87242336687b8fc841869460f14c9acf2dda6336578190163d1673b79a599cf4f397b18ee713c999e5065591e1699001f4265e7020400a2cdfbe677c069608470e8c41f00699e45fc46942beb56a488921daefca175bb0c525a7dde84601ac15c219322b46ef6dbbda39ff2f45eaf448fc05954e40ced0ac8e09819701691e437ddcd49a9d32ccf3e8237aa2781b6211a22e7037842053592a13bf89c51a70d6017e3d3a5f5a895eaab56f8bd13a3ea2909e2ba4f38bc7817165471e17256f34a08a6d2f4deddf9730013264f8090590c5559cfafdc0ada7eeefa866dfc37c6716cb74593beb16a54a3818a6d97430faa400f217d81cff1dafca1177eb94f33065a77aa8107341f74b499fa6cb792fce34129192600e8289c5cfb49077ace34d7d041271f7d7cb90a37ba074c781fa4b497489b71be4fe73b8d9d882352786f2a6198425f8be7bd205c7af63362598916455ac2f8e34f28a32ec192f7d777d4f81543d058c8207cbe772cb782ded0602f154f03ffeece8caf5fb5e32b2a3fe6bb505b6b02200a929a19f6b5bbde78f92743673bc8306218190139de96347e6dd9e5f4f3dec0818de3eb34f41272250b5bad2c9273995add0349369d649ef90ecc4d1cc44d1ce1cbb49b8028aa31acb822fcce792252a848fb58aca6606275a9e882c324101541be520009f9abf3956755d998f3cec1e823bb531a0bfcc45261f8a9d23bfb8a799c3862406e521926a827d3bea6cd80c7dd5d1e56cbed3294a0501e6a68c842cc2ee64339f1097a2d9faa946414bafb30c95b6c9a5e3f6f88713b6685399557c53137fb250bd7dc095c6ace4352b7736aa79d8372ae8806d2e619930404a7274c8c3f187028ef2e2888681bc2cd71c535bb9252d96d7d7b97b4a29608985cc7219adfe9d2e5eab44b11c0d758c532e93d0c1e5869956647d78f7f07cf639aeb45d0d271250241a503d56595d6e5cf308678d7ea869f9f6f3dfdb8aa49175eddf182bde79a6fed641046f301337e2b6f378eea7a869a2ab6fa6404aa9241443bc474d4dda8e1224a0d1123158a336fc84a9e2f8f79fb32ec9b3ddd6a3cca2607018e38e4805df271dd03897fc58280e1cf937319c90900ddb79c48362cee45fd716a6081303ac1fc41e08cd4e9ff4f279ad7628d701bbf116fb95248b72295ebd1587dc977ac2961755d9895472aca34d3a8d8ff1c85db990c87ee5009b24b85f78896f311783eb1c47a1de96d18686e540ff36980f95f538bc0a7f9358faa6b36a7e78762ab64539e46a5b1e8e43d5058c797c815871bf02bd1fc151f6fcb25e1f1d1e45d262e59f07a56a081fe2b207475795cdfc1a824193ddebd135f89505bdd927b606752fc361588698e14be20444e18a6e71158a8f9eef9f41241a1e37eb15a8b2b8ac21f91ca5d28cacd0244afa87a3034019fc1916cce665964fddd16324337303b725be93174f2d3b8e502de93ade42b70231b607b26a75c834d02515b231c4c487c4198cc79c385aecdd89ac775064173243acba3f67dbdc13c905e34730f1d8161017dcac0fee483f28c462467ff5ae7324de1a21509eb581d69d2b844c13e3794d773eeacd824aff9801804da7eff4ee63301c16581ee84ba39c099c2d0fed967e9928b99a366cafe9f7bcc67883c6198f9a25ffd165857b2ccd94c97a5738308930d7ed9613e61b379dfd174b9c98220155e2683912fbbaf5b00c2e43d0ac209a4368bf9f85e79a4dbb4ae85de68831f412841ce1244d1c0907391cad2b9615d0ffecf3d6d7840c4794d5c0d45ae30e01e218cf2d520a20ee9acf59caf4fc342a6dd8b1ce3c6489c24b2b7fa07afeee64c0f78b410c983d2bea340eddb6759d582552242964d37c0a82ba007aabceebb67e6a503aa6f347708beb85243d25b2738fd0e63bfe1880f4c0da6a828870ab7803b9fd16f338111ea677815b61a97cffa4f0d2797b92c009c0ba8a90d3fc9e16863d32b3e08dd98add01245c3e41e94fae9a3843f4977efa128fe7e4ac0a403530fc98814db5d29f55de200983f7d7dd860fcda9a16555444ce5f40355f61eff668ece8f41d4b383d18fde0c52cd6ca9ac9ab8e918a71b4e9cf4ed21d53b8d2b94573e8db7a2c31fa3e493ef44da1755b4d9c4007ed3ffbf70c3bc86c84f6425462906e9b1f5b9ca1afbd7e73c43b8bda44758e32d56ca5953f2a7949edaf5d65f30afcaf696be105db933c7be94cb524aac192387309d7a840b8e9f7ffd7f79d010a9d521718f7cb9c4ff0e0d353f4feb5d40a34a42c529409f9edec5b8e30344ed1aef1fd8b323780b96687bf079c92456f3f343ad34edcdc5cd5926fa6a5e341b62e66b1513e6fecbda10b9a8676ca0e8474434125decfecbc4562f9901314b84d44c579171f8752a47f8453472e19bd6dbe05cb38c0f4605a9a339cd7fa07ab59e09a3f12c8b3a05d4841b66c5a41bfee12f1842b8ec88310fc025faddc21b5bf3b20eb6297a92fc4cfe16ce91e7808c1aba6b1abec4f4154e99880eb43b7f968f025e6a1c72612560c1e300a50fb589306e2b8e8c7b88680518fcf250b881e5df5d64723a646b5a07feb68a8cc3a312463dab4dd4842c006d89b984fe75a3d80bcf6281385cf575152c7ef6570cb42edb493c3c6d338be8ff10aa924bfea7a05695b0dab5676117f3797d838a42ac39de993923851b00d34549c7342e8284cd97d6c817dda470a5f6edf63dc4e228f36714b290a326471ab7caa4f099da6958922b2cfbb581102f221e6d108b802989d248269f219c8e785c870818f74f7921c94e5bf7c6357f48aefca9399249045adf8966ae876c1f4c174fbc2fd171709cb028ad8a2efefbacc20b7abb3e7ace20a9b3abb70851961060253d22e9f55cc4e93ab4a1adb5bbc9f38bfb78961d8a8c3c8bc54b04feafa31cf89058ebe8a576690d3892b22aafffcfea5b03a19d7a47426415def0f5e206791daa4db7184358f18823d5414b35642dc1407a8780052886936dc178584f31b85493e9ab2ca447e266a7ccfd2f97f5b8efa6ff9877563d04c29198b8e327772d96f68288c7b1f53eaff42efbdf4556d3db6672d2262d3cbddfa1fa78ef55f8565ea0963ee0684cfe1a34f57f995445f4b5ddd584852e44fa2e06076697b175bad39f13f64a6753f0032d5fca6403b3f463bbaa568ecb21334524a2412b45afb8f14000122c96c1972e24d36a98f76793151e2d4b2d8750773fcd80d21d9995610b00d28a0c78e4e2618484e72833f2051159214957f433b4758923908d00e43ade19a0c3170666913f5e0e25d9dc60e60dfc28b74c568a96372baaf250f4d3205a501644f05730786b828c289f526fabf75781b24e3533a6d8e58b20ddc1f941e4e2fdb20aab0a5bd5952444c4ef155811016a08d68d8df5a6be8d3f2a8b2dab1c994ca46a7a3474ac25cdb94321da01f005a6cca23b70bc45b43f148f5cf3b94641d713b3b05ad61719c7932620cdcfeb00b131fb135435a0565d01b4672ac5cf8c41ff95f3e594e75b11977b37523019e4a437838873a8869ff26d1f6498728a47bdc1ef63820dd7f12e94d21c8e1d5672642fb0fcc6822c14dc92745db8448e79a8130c31a893eb829703f51a658dff71d368f8285629bde5f3dab3a8ba5725a19d7078bda36c0ece29470457722c4fa3e02ab72b89d007d37c554c19999e18a9309d60e597633cc94a0c08f8159bf49a214f9f0f2f636642abda07150fefcc52cb3f7754ef1e44663519538bf8bf589f0b0ea7b3ea2f7ad61b2391624703526a2488af12f8285631eb93380c42b329dbdc37f9f3a9a8742625c1a127f2df70ff9e17ff574e27e6bda34d026c76cb3183c186cccbcd6178ceff537c327cfccfd6f590bbbbb94201f159434f35d47b08aa8c9c5ace452e11d087a7941cfd648544426c62add4415d4429e21f6ef885ee4714462fcb0f3e182d744cef41e2e80176ae895b65852932498972d6bd5ed29d1b27ba1343ead7888fb6b7116ddfe1dc07cca978a614f9d96dbebb845fc8aa9b29cbaedda3f49d05206912059a6fed370ded237eddcd8b607841ff1087fb0941dd730326db7a1f365634ba0d514e012528cc463cf09700ec09a2fff21c61150368b6511a984c06f28110034e3f0a8a382a2c74dd3a16526f6994100519a31e45c43903fe8d844812268d6a8aa148bd2ff034e359ae290401ea25b5d6d52e0e8025fdf4a902882b7fad8ea212385d28e876619168a26959a95cc6144bfd127af8e670b51d3884167cc5bc8d711968148283cc6eba498fe6c3a1437dbfb6b71820fd91c661e9573b7ca9dd3fe535525cc14e5e4ae8e7c2778cd858282d4f6af4775fa4060353014b408c5fd6cbd5928b4603b05c806cc5142d80a4bab1c2954b65a0200a3d411a2709a48d7e2b031f9a69337ec610c5e3b091f6e95d7c7481d75869c42099c3d608af64db00ed88200c66a51366cf15e6e9e44256ecb9e36f374b251be3efb6aa9a738a3b75244704ced909d888ed3c0b40fdc203c9e5015168609a3459d539a390f4eb7b2f383a219262804fdef03c275bcfc312e96400da82bdb66c90dda3b04287c2d913424c7e73d6167539d8b79688c8baa7d46528799f0e19c1fcb69850a642c09b394fc845d2acdddb7f37b4f775fbe5e130d2f4c30ad5c55b4bdca29536d3031e3e2242ec0f01b17ffd2cd6942ae0ecb92ca4fd615b14b56f191a64913b155bf8bfaa34d759550101c8d0fa66ba90eb8c0a205bcb01621e17615dd1bd3dde92296358e45614c974711e8db28e3487ca95af83e7f52f8b0d6b3f652cc0f076af3bd495e172f1bb0f1daac541dc320976ffc541a05ac46af65765568a8c7642f2a8461ecfcaac6393835377d1ab00bea86c1381bba761012284c638ba5469945ea9fe7bb7abf312a9fd7554fe6becf3370c764292fd4a00b9c0e3030e35898518670d0cbdbe5e3d266cb56fecf7be795373f81d352811a93dee039b4be849239632e687a2e424e347cb65a7ea73420aaf2eccd331ec7779c78d0458c8671a9e8a1588bece21d13bc09148f4ea28aa136445eb67b5e8a44cc2b2c523e90aa3ce270ffb12acb092e4d549a7065d1b05aa498235470d6c5f4f715af7a22ead44df2f938007beea1ebddf47d6adaf782cf7c458120a5b5f50242c075f1e2d3ec98027ff5c339eac9a756da8ba47bb699e114cbd3a9fc9fe73bde94e0b15be06f9d05b9266c41e8bd6dc47694f71f069009c83aa81296fa4a44faaac87cb8637d89c9f24567f65a2e87acc821cbfdb2a228b40b1126aa235405df939c733ca4ffeaf5e458e8911385413d244c5b4228e9824a8c7a4475c124e326275de54280964898fa6aa46558e4b2b5fdf9f5229f00c3b9c3a9150fba9023f443a02fb1c133d54370d8391934c9af7dbee6907f81d89cefce034d0c140331da6ecd8b1ff53ad76c7518a63471b89466f6ebbbc7e14b2694001318eaf29a242ea38dbf9019893419f5858e2e819ad0fa5c377f6d3cda93407a4bfccde00f24bfa4c6ef52022080fed9f188fa0698caba911546f04cf531b883b3ed758b41c78a00638bf5864c5eef8585a3c315341cfd3d703e7e5e3d4ad983898bff09c6d6b14443758798ebd3db2bd85c5a91771468fac8976301357c615bb98bf679badf019925957108b527a2b52415c4033bc77e5e2a24e436bca3102017501a112731c5e75cc31b48d9c22ce2d76d56497bbecf780abc5e5ca129ca16d199d5c47c33e63be48b1a638aba4f8ed3cd812a2181318e5d98017e127813a900067bf5469af0039acabfb462b7b8028fef2a55f51498ce216b07a1842dfbe37edc628d3b488adb531e5153d6b436b267807ab3d8e530abea7c4a393bc7df88f0a7b5e8867cd62bb583f75b41d07e512cd03c50e2fe5a8b59a5e3b40b65e8f53fe7727a445ae069f99cfcd9b857a79b4674e5a45ee3ca1f581f50484a46285b6b2d9b8192f645bc2a4749aef635b512efb098e19be0813d58c6edebf91c0d22d2d36bbc581bc7084424b0892b30db8e853ff2e933e67a4be6954e1834adf1e6fc9fdd25c0e54e51c566b2651a52c9f09f3ac3020e4dab5cfd74fd044703910adf0b6b5ae616f9abb25e9f53cf75b087e036e716becfc1109e80e6fc4d4483bb6eb8282cfecc1917fd8cc59247d156e5eb012c41e39d1341f369ae2d48e23129a8bda0e5483cf354aa315688586889b96b47d6b79674771b6e1e35c280a91bee4bf83fd205917b1ca6241851fdbe58a1e03b9108d92006e4a8e554e5fc9f1b2e3ea53d731983aa3eae1fb700538847633e2a95d99bd381cf271813747d6e9a27ccac72fbbc1e603df0050f958b896474bd21ed066e390275a99a2eee4ed260999864f65398f16a4e7b101619247f15327ffe830113f9447559b7498b28922fe8a4db71dd5afbf7fa45c5de40214e38476108e509dd85c9e289319d8454bb7b2d94846ca2e92361c59d57aa3d7f8072fdd7500566f075145e262874c3459321f1b1f5d02344a12531289eb153d781621442e2f3711ec5ef686007691f9ce8385b3e8264b8a9252f0392e25f660bbb63cf57d51894990e8083fb4d38b79dd831070b57b2daf7e23660dbd4b05660e82da34f2012927c017f46caf842d24b38ec090d2a31fbb310c479dcd94cb5262d44a0cd3a0f21e421c984bdc87782ce56f0d4c826f27de9f55320d757d0b237edfc7c49499456d4b46f3e99a71457bba57795470d75275fdbd45101b4f4fe0cbc05f0b051a2c58a035a5bcf0cb9b1310965c6e4fb6a30c35375a42b48c5f6745eff75ef2c96a932e3f5cb2e841ee65c2a76c3fe8c0ecd225bb3e29695b50a2787dcd5a06fe160980e995cc40a61a786f81db3d20fea230c66635ef0764d0af7f2208c96509c9317ce9cafd03dad9ea1ff71425898be52feb8553e88ce7e1e60618c67d5593237b6148d1195264b716667e41c8415c2f3982c1e81686076f6c33cddd5c07500e4240f12b451baa855c19a36383b65480efc5444fb91f2bbfbe63aa03fbba9b8463657addd98e0d7096a5fb9eddcd345d546ffc0bcb3330fbe4f767f7f4de531ec2706b40ea70dd0e3ed25f885809551ecdbc0c3e0b937bce44cda0f6494cafe0f90b6e94e64671e66677e7fd8debf1dde5337aab9e61ff2ca247201eecc4923ad605152832bc72b12c302d79cb9d61865a2f30ba43de9270880b85a7d0314a085274d69bea2acee90498cdb73c7b509df73ecf10a234374b257d1cfb8fbe59a2d85241bc166bb4dab33795fe880be8609f0c311e433e8f628e02885b4723360ef46ba1c46cded742e384183801cb83f2533c7d7e545252d499d71780f5d121fe5a4ded6bd79fad154357aab33b124ea282637c2cbc6cefd6341ff031dd30087b45fe64317c09b44b4cfb0da8a5fc8e4cae0187f786a60d8af6a2a72277ac13f8f14dbc9534f4e90ef354f90767d24c59678fdd0718ec4a9d307711106cb23b1ad29fca6213ba9bc60c3c1b6c17a4990cf7124b77de7c0f61a9c26927c4b920304462e1a032c94e0c6164af5419607ca8261c39ace7948437826b0bdc677b9ea269bbe2bc416e0db105d449e9ab0a34c1ebe27890726d19fda16d1ea29af76731081a69ef544b02cd1b8d39f213e98cea5fa0cb6261486f39eaecb1c31ed5bb32a45a12cf1e67762d82ef0380f2f0031699623cc788f39c644a52f2f32972eed8cde2b0c60ba63bebf1fe421b2bc015a501863dad4b435000467a2e00664a70c78110cdd5100fbb0e47f2a42c1cee4d94182fe19ca0540cced8c7b0b343d23bcd157d43d90f7387336ddf31715cab9ced85458d130e7afb4faef59c55a90d132e36f74a192c0682d380bb2216f119c057bc5d3911daa276b497a257345a1cf41d2d888797dc4fcb2ffc5ecb0fe745a6198258391856ca7cce3a2f03750b4fdbe05cd1411d3baedae99c1085f7155e45d4ec6fbfdc7bd4e965e89e3e7e5805de32c5895593d73e528ed79eacc3a30321c37a7512b9452146342727c3f584b012f0f0ee45e3933c6f249f1b2d146de814dd3638ba5043b956447508147c7b029e84ad8a84e4e092e2248d4870a211f45fda861deec41e6ded90b1d5c66d6ee548a460d525c95a18c8442b89db7bb34bd85d1e8fbb9b705572ec8d9b193f934592ed2bf605ddf79571856a1a2c8a846ef0345d786bd3abd81db46dc88a524cc8515b2328b6d31e85130e1cf55d2b54f565957e9a66189ba255c104361a0a42b4abc62a08662fcf13095d435927f6fe88556a1f37d7eb3600e10275bb794f7fadd83b3686b0d45bbdaba754d41d1348e3ba2a57e12cbc2702e3d23ca9c249f3545bc63eb1c37349c85397454a84db6d7503d803df7ba4c7f3d9b81697597e0efbd7e443a69808a4fe6a73cfcf45eb27aee50b1cbcd6f2cc07965472164ac67b2b1e9deb69dd531f963b3033ef1f2d96dd6748a7f4ce08beee1c88e98ef3ebc07c98c5d0b16e4a065e0a522ced51c7fb5689a459d67c74a42151d8ee6cd071fc14ecf60728d518c4892a43e989e48fced06a6e70cd3132a0dd6b8177fee7a424429cf131676674f606c9c83babb9dcad683890f2786f0da06abbac96a64130c437a172e63edcae52fbe1303d954cf597804fab8337ff4fe6307c7cc857ec5c89cecffa6303fc0a139188f910788898230092f24910a64f8e9c9c79fe57442ed7a2d78b9f0e70ba13413f12b7d21ad70d17400bcaceda3416e2e28e4d8b296fe74a14627debe4f50ac852a0607272a2e796e26511cb055cadee5d755635d75f8e2666e7e25e8e80882d6e3877c8ca4b4189606bde6531ef851717d2bd13d6582ec4fa99a8d06de8492c652d6e634d49ea41574366775eb71d03c21acbe87b877a0e1f646297f5c943e90d188ff5d1315f4f2bc38f91ebf0afa0a68a0b779395950250c4475940a7234b790d8c008e032fd041690a2c687a6516ed3e62b35f8fb9ffa0522eb4d4eb3abda4bc64180242ec12cfcc8051a2510d928a406aad72a1d79311fbf4b25c1e94c52dc5dfe921dc9b70e8b3a6c4fae4dfb6cec830625c8e59acb0b2cb427d4abdb6e7beec91a9bf7d32dbf37837de0d8d173fe844306e75c6a45087d9cbfed1cfc9dc41909ab849d822a022b9a0dd976184a61d21c34235c5260c04aaa4a391711287920a1184f926116a24e56e3425a36896148bf35dbf615215705a2e8eedd6bee634bf66828613c5090608c2f9b2bad457c609e23613bb89b45f0403973d1401b34d017bc5dda21f13e79a2d5655c97897cd7aaacbf9d0a3387d0d31bbfc765c41f2f1d00a4948896d10ecec9a3f27b9f4e454688a38a1f192772c772ab33167638f1ff0c9463395fb9459dcb4e8af65f52eecea5b05cffa4e6037de3957894ad024e6650f9eea7aff42eb089de68487c9325ccf3757ab8fb86d48feea401d350850de50a17da2018a0b70786f4838b42f9429edc5b945babc37831067ef94ed4df0974142cbd22b9b30479ab1e74033ef8718a86c9216324d80aff4f3e90df0aaecdd5dfccc4314bac08fdef606b2111bb1297a5c8de32f916259cab11428c5bb01dc3727525ab57b4c5e06c871d475aaebbb46bfce38b9dcfde3464b02993890e4ba55e339437c6b42dc36877902286d905060c91e63a3f1deffe2c156c76b4c8962247e1bbbcb108b545a22572104cbe79f184bd91bf4bb3012ad3d3396b2d60b7a98dbd8aaf5094bcdb96784c1bedebcf586edd7bb6ab59cdb0d4c9e7805ddcf7b6a3c5d4e21a3e728f9b920eae04a2217f6a6620479b4920cab7591e33d61dfa506f74be16d7fe763934494b8fc289f127ed2ea4065ae66ca3f40b05f3aaf6e9a882784640b4e22c79fd90302cd6bb4a18e2540d6e07a992fb6e68b4bc9ae84c12a59c5130233b722a6bf6ea1fc8cd3632279b94185b61f39160e17deb83ef9e0106b32f42bea9a191501d6286fd336c81cd639655c5622c6d7bc9d0719bd1c16e50782554f447b7fffe861f8942d0f13c99d8f613d8bce31114f18d1e3d97c3442566c8d14109a246ba031bdb35d62781a83e08a257fe0195a92a548e3663d273b2547f0a1ce4aec5faf5c6f4644ee92fc083f69bc4e3b4067cc5c3df0ba81fa0ecb608cfb279aab21c67faf581bb8331d0a27e6de3bf4ba5085b33e2424693e320d046be2047832af1329e78484383619195752ca18887041644326b1346b75c549eb27c949cc2d4280f52c022e9f1d710840738f7c7da6c56ef9c60d262abb53fa1e175bca15aec7af8d722d0c395f0982777b2c66566fca7d5897440bf78e97fa7b07b110373bfb5a4c240255b9b32a0835eb47c270f1468dd7bd75071e374002c0448ab29fe8bd7301462f45ab6d99a08306f94ddaa8abc677e1764aca6c7c4bd1749ef800747892a78658c94f61db217f016f9a30064bcd075ebc9f3ab7f3025f157026f0e71d8388984eb82bc4be3e0d841c3e8c1480c5977b3068f8829b939d045fc16495200e66d97a5f4dc8b269c010ab1193ef69453e966672e68d8c8a87bd12717a53b5d4703a6f455ae3dad4a07ccbf47137c6ae2653fc6898ed6cb2326bdff98d27a7a5680b41e2ea58fa8bd6c7cda327438173ef5c79fb83153307c8b8ef68fc2d62f57cc4f0cd1d06a1bfa768c1a7583cad4b8cb93d6ba509ed030cf1e9627b73f28abd0bc9fa7577a0d73b733ac3efdde897240bfdd6d75ca2418d47394484fa8da8bbd07889a9c20aea52b3c513bb2f5dd6144798da6ddf3b3df29faed468b7cd28a25cb8b2ad29ec8bfa6ee2100760881b543a7fccbbbe9b9709fe6c26f331999308b60fdb27b9c58b3dc2b8eae2cfbe418270f9fe07dcf6d36ed626831a7423bd342d1a69cb243d1859f566bb6ec2ce0e8c0a3b2710d3bdf0d1da206871b943442e6b9e14b23dbccf39cad47b801ae00fe940cc39c85ead649d44a91d1df793578685a4d6c7b6dd8b9380661f0fa3f67383440366304a6f17c68fc935974bb2ca2589594cd8c7936b89e8e164a0591ff9d6ac2865373a8e479a29d53bc38438bb4f3b893522544b0a6c079df7102443e9a406cd0a524d92d160951d1e4330a78cb117a00b4171a815992a96b3b43640b6c85b8c85ce63f6974e180bf13234c4b053494ed748bd21e6f51c8e8d5959d6bb113fac053486685c3f4aa8ff8cf5f8c59e4e8b0bef01d34d79686738888c7b09ce97157fed1b1f745779f028b7f1af6c991976bec115c9ffdac8f823b5e45f46c99efeabb4099660214df9b679dd1ae95d1b05019b5c76c27a23e5452a2573c113754afd798c38afce63aecd1c342f42194d011c875752acf9e630dc4d15dedd3b17014aa8b2613f1a21a8b8166a6fff4adf0b6e7231e5739c6269b95f663afada3f6b7250474743231d5ac761511598f24468160ce1bd48e5c84a98272aeb3c1ad36b6fbf365e72218053dc344582e0f03912745715f15ab5d040a4956042c604034d7b84fff4f2fa149142d18b3623f0ca1b97ff8e56360ff93b409a75827b605c67cd95d48dcd47e601e9db7ae94a43333000d6854771d050707da953984f3820ecf7ce0b1827b0c1bbe9e421155238476ea61d8253b19d84c40acfd473c0804c94a89e8f6efc304cd9283842c336b985b0538ca16bb279adc775da7c4f7c1259366bdec254b2773a9dac0b732a8cd1b00933398ce4f5a94feeab2af9e0d64487bbf44bbf0dc2, 425, 0, 26, 1),
('id5', 'MRG-BF100B-1A', 0x352e706e67, 9800000, '2024-05-30 00:00:00', 0x4de1baab7520c491e1bb936e672068e1bb9320472d53484f434b204d522d472063616f2063e1baa5702c20c491c6b0e1bba363206cc3a06d20686fc3a06e20746fc3a06e2062e1bab16e67206b696d206c6fe1baa1692c207068c3b92068e1bba37020c49169206269e1bb836e2e20c490c6b0e1bba3632062e1bb8d63207468c3a97020746974616e2c206bc3ad6e206b68c3ad2076e1bb9b69206b68e1baa3206ec4836e67206368e1bb916e67206ec6b0e1bb9b632049534f20323030206dc3a97420e28094206de1bb99742073e1bbb12062e1bb952073756e672063686f2064c3b26e6720c491e1bb936e672068e1bb93207468e1bba3206ce1bab76e206368c3ad6e68207468e1bba9632063e1bba7612046524f474d414e2e20436869e1babf6320c491e1bb936e672068e1bb932064c3a06e682063686f207468e1bba3206ce1bab76e206ec3a0792063c3b320746869e1babf74206be1babf2062e1baa57420c491e1bb91692078e1bba96e6720c491e1bb996320c491c3a16f2c206de1bab774207361752062e1baaf742076c3ad742076c3a02068c3ac6e68206368c3ba20e1babf6368206ce1bab76e20c491e1bab763206269e1bb87742c2076e1bb916e2072e1baa574207068e1bb95206269e1babf6e206b68692046524f474d414e20c491c6b0e1bba363207261206de1baaf742076c3a06f206ec4836d20313939332076c3a020c491c3a320c491c6b0e1bba363206ec3a26e672063e1baa570206cc3aa6e2074e1baa76d2063616f206de1bb9b692e, 223, -1, 521, 1),
('id6', 'MRG-BF1998A-1A', 0x362e706e67, 9800000, '2024-05-30 00:00:00', 0x4de1baab7520c491e1bb936e672068e1bb9320472d53484f434b204d522d472063616f2063e1baa5702c20c491c6b0e1bba363206cc3a06d20686fc3a06e20746fc3a06e2062e1bab16e67206b696d206c6fe1baa1692c207068c3b92068e1bba37020c49169206269e1bb836e2e20c490c6b0e1bba3632062e1bb8d63207468c3a97020746974616e2c206bc3ad6e206b68c3ad2076e1bb9b69206b68e1baa3206ec4836e67206368e1bb916e67206ec6b0e1bb9b632049534f20323030206dc3a97420e28094206de1bb99742073e1bbb12062e1bb952073756e672063686f2064c3b26e6720c491e1bb936e672068e1bb93207468e1bba3206ce1bab76e206368c3ad6e68207468e1bba9632063e1bba7612046524f474d414e2e20436869e1babf6320c491e1bb936e672068e1bb932064c3a06e682063686f207468e1bba3206ce1bab76e206ec3a0792063c3b320746869e1babf74206be1babf2062e1baa57420c491e1bb91692078e1bba96e6720c491e1bb996320c491c3a16f2c206de1bab774207361752062e1baaf742076c3ad742076c3a02068c3ac6e68206368c3ba20e1babf6368206ce1bab76e20c491e1bab763206269e1bb87742c2076e1bb916e2072e1baa574207068e1bb95206269e1babf6e206b68692046524f474d414e20c491c6b0e1bba363207261206de1baaf742076c3a06f206ec4836d20313939332076c3a020c491c3a320c491c6b0e1bba363206ec3a26e672063e1baa570206cc3aa6e2074e1baa76d2063616f206de1bb9b692e, 230, 0, 7, 1),
('id7', 'MRG-BF2550B-1A', 0x372e706e67, 9800000, '2024-05-30 00:00:00', 0x4de1baab7520c491e1bb936e672068e1bb9320472d53484f434b204d522d472063616f2063e1baa5702c20c491c6b0e1bba363206cc3a06d20686fc3a06e20746fc3a06e2062e1bab16e67206b696d206c6fe1baa1692c207068c3b92068e1bba37020c49169206269e1bb836e2e20c490c6b0e1bba3632062e1bb8d63207468c3a97020746974616e2c206bc3ad6e206b68c3ad2076e1bb9b69206b68e1baa3206ec4836e67206368e1bb916e67206ec6b0e1bb9b632049534f20323030206dc3a97420e28094206de1bb99742073e1bbb12062e1bb952073756e672063686f2064c3b26e6720c491e1bb936e672068e1bb93207468e1bba3206ce1bab76e206368c3ad6e68207468e1bba9632063e1bba7612046524f474d414e2e20436869e1babf6320c491e1bb936e672068e1bb932064c3a06e682063686f207468e1bba3206ce1bab76e206ec3a0792063c3b320746869e1babf74206be1babf2062e1baa57420c491e1bb91692078e1bba96e6720c491e1bb996320c491c3a16f2c206de1bab774207361752062e1baaf742076c3ad742076c3a02068c3ac6e68206368c3ba20e1babf6368206ce1bab76e20c491e1bab763206269e1bb87742c2076e1bb916e2072e1baa574207068e1bb95206269e1babf6e206b68692046524f474d414e20c491c6b0e1bba363207261206de1baaf742076c3a06f206ec4836d20313939332076c3a020c491c3a320c491c6b0e1bba363206ec3a26e672063e1baa570206cc3aa6e2074e1baa76d2063616f206de1bb9b692e, 221, 2, 28, 1),
('id8', 'MRG-BF5000A-1A', 0x322e706e67, 9800000, '2024-05-30 00:00:00', 0x4de1baab7520c491e1bb936e672068e1bb9320472d53484f434b204d522d472063616f2063e1baa5702c20c491c6b0e1bba363206cc3a06d20686fc3a06e20746fc3a06e2062e1bab16e67206b696d206c6fe1baa1692c207068c3b92068e1bba37020c49169206269e1bb836e2e20c490c6b0e1bba3632062e1bb8d63207468c3a97020746974616e2c206bc3ad6e206b68c3ad2076e1bb9b69206b68e1baa3206ec4836e67206368e1bb916e67206ec6b0e1bb9b632049534f20323030206dc3a97420e28094206de1bb99742073e1bbb12062e1bb952073756e672063686f2064c3b26e6720c491e1bb936e672068e1bb93207468e1bba3206ce1bab76e206368c3ad6e68207468e1bba9632063e1bba7612046524f474d414e2e20436869e1babf6320c491e1bb936e672068e1bb932064c3a06e682063686f207468e1bba3206ce1bab76e206ec3a0792063c3b320746869e1babf74206be1babf2062e1baa57420c491e1bb91692078e1bba96e6720c491e1bb996320c491c3a16f2c206de1bab774207361752062e1baaf742076c3ad742076c3a02068c3ac6e68206368c3ba20e1babf6368206ce1bab76e20c491e1bab763206269e1bb87742c2076e1bb916e2072e1baa574207068e1bb95206269e1babf6e206b68692046524f474d414e20c491c6b0e1bba363207261206de1baaf742076c3a06f206ec4836d20313939332076c3a020c491c3a320c491c6b0e1bba363206ec3a26e672063e1baa570206cc3aa6e2074e1baa76d2063616f206de1bb9b692e, 256, 0, 46, 1),
('id9', 'MRG-BF1850B-1A', 0x696d616765202835292e61766966, 19800000, '2024-05-30 00:00:00', 0x4de1baab7520c491e1bb936e672068e1bb9320472d53484f434b204d522d472063616f2063e1baa5702c20c491c6b0e1bba363206cc3a06d20686fc3a06e20746fc3a06e2062e1bab16e67206b696d206c6fe1baa1692c207068c3b92068e1bba37020c49169206269e1bb836e2e20c490c6b0e1bba3632062e1bb8d63207468c3a97020746974616e2c206bc3ad6e206b68c3ad2076e1bb9b69206b68e1baa3206ec4836e67206368e1bb916e67206ec6b0e1bb9b632049534f20323030206dc3a97420e28094206de1bb99742073e1bbb12062e1bb952073756e672063686f2064c3b26e6720c491e1bb936e672068e1bb93207468e1bba3206ce1bab76e206368c3ad6e68207468e1bba9632063e1bba7612046524f474d414e2e20436869e1babf6320c491e1bb936e672068e1bb932064c3a06e682063686f207468e1bba3206ce1bab76e206ec3a0792063c3b320746869e1babf74206be1babf2062e1baa57420c491e1bb91692078e1bba96e6720c491e1bb996320c491c3a16f2c206de1bab774207361752062e1baaf742076c3ad742076c3a02068c3ac6e68206368c3ba20e1babf6368206ce1bab76e20c491e1bab763206269e1bb87742c2076e1bb916e2072e1baa574207068e1bb95206269e1babf6e206b68692046524f474d414e20c491c6b0e1bba363207261206de1baaf742076c3a06f206ec4836d20313939332076c3a020c491c3a320c491c6b0e1bba363206ec3a26e672063e1baa570206cc3aa6e2074e1baa76d2063616f206de1bb9b692e, 236, 0, 335, 1);

-- --------------------------------------------------------

--
-- Cấu trúc bảng cho bảng `users`
--

CREATE TABLE `users` (
  `id` tinyint(4) NOT NULL,
  `username` varchar(50) NOT NULL,
  `email` varchar(50) NOT NULL,
  `password` varchar(50) NOT NULL,
  `fullname` varchar(100) NOT NULL,
  `status` int(1) NOT NULL,
  `image` varchar(255) DEFAULT NULL,
  `role` varchar(50) NOT NULL,
  `date` date NOT NULL,
  `addressID` tinyint(4) DEFAULT NULL
) ENGINE=InnoDB DEFAULT CHARSET=utf8mb4 COLLATE=utf8mb4_general_ci;

--
-- Đang đổ dữ liệu cho bảng `users`
--

INSERT INTO `users` (`id`, `username`, `email`, `password`, `fullname`, `status`, `image`, `role`, `date`, `addressID`) VALUES
(2, 'admin', 'tuandtpd09812@fpt.vn', 'Tuandoan@2404', 'admin web', 1, 'z5423869622249_55701bc706ca8b06c472f823f030c3ce.jpg', 'admin', '2024-04-06', 17),
(3, 'tuandoan', 'doanthanhtuan1998@gmail.com', 'Tuandoan@2404', 'Doãn thanh tuấn', 1, 'DoanThanhTuan_PD09812.jpg', 'user', '2024-06-02', 12),
(4, 'hangnga', 'doanthanhtuan1998a@gmail.com', 'Tuandoan123', 'Hằng Nga', 1, 'z4384905331051_14cacdb2909a9c692d1de60c499c4cca.jpg', 'user', '2024-06-02', 13),
(7, 'tuandoan1', 'doanthanhtuan15081998a@gmail.com', 'Tuandoan123', 'Doãn thanh tuấn', 1, 'z5423869622249_55701bc706ca8b06c472f823f030c3ce.jpg', 'user', '2024-06-09', 16),
(10, 'tuandoan98', 'tuandoan2404@gmail.com', 'Tuandoan123', 'Tuan Dev', 1, 'xinhdep.jpg', 'user', '2024-06-11', 18),
(11, 'tuandt', 'doanthanhtuan123@gmail.com', 'Tuandoan123', 'Tuan Dev', 1, 'z4384905262815_0f755a4d8076ea1e8639c734ea24ba04.jpg', 'user', '2024-06-11', 19),
(12, 'hoanganh', 'doanthanhtuan123789@gmail.com', 'Tuandoan123', 'Phạm Hoàng Anh', 1, 'z4384905256910_dc828789aefc963d0251d9d0bd1081ad.jpg', 'user', '2024-06-26', 20);

--
-- Chỉ mục cho các bảng đã đổ
--

--
-- Chỉ mục cho bảng `address`
--
ALTER TABLE `address`
  ADD PRIMARY KEY (`id`),
  ADD KEY `fk_usersa` (`userid`);

--
-- Chỉ mục cho bảng `cart`
--
ALTER TABLE `cart`
  ADD PRIMARY KEY (`id`),
  ADD KEY `fk_product` (`productid`),
  ADD KEY `fk_user` (`userid`);

--
-- Chỉ mục cho bảng `categories`
--
ALTER TABLE `categories`
  ADD PRIMARY KEY (`id`),
  ADD UNIQUE KEY `categoryname` (`categoryname`);

--
-- Chỉ mục cho bảng `comment`
--
ALTER TABLE `comment`
  ADD PRIMARY KEY (`id`),
  ADD KEY `fk_products` (`productid`),
  ADD KEY `fk_users` (`userid`);

--
-- Chỉ mục cho bảng `orderitem`
--
ALTER TABLE `orderitem`
  ADD PRIMARY KEY (`id`),
  ADD KEY `fk_orderss` (`orderID`),
  ADD KEY `fk_productss` (`productID`);

--
-- Chỉ mục cho bảng `orders`
--
ALTER TABLE `orders`
  ADD PRIMARY KEY (`id`),
  ADD KEY `fk_userso` (`userid`),
  ADD KEY `fk_address` (`shippingaddressID`);

--
-- Chỉ mục cho bảng `products`
--
ALTER TABLE `products`
  ADD PRIMARY KEY (`id`),
  ADD KEY `categoryid` (`categoryid`);

--
-- Chỉ mục cho bảng `users`
--
ALTER TABLE `users`
  ADD PRIMARY KEY (`id`),
  ADD UNIQUE KEY `username` (`username`),
  ADD UNIQUE KEY `email` (`email`),
  ADD KEY `fk_users_address` (`addressID`);

--
-- AUTO_INCREMENT cho các bảng đã đổ
--

--
-- AUTO_INCREMENT cho bảng `address`
--
ALTER TABLE `address`
  MODIFY `id` tinyint(4) NOT NULL AUTO_INCREMENT, AUTO_INCREMENT=21;

--
-- AUTO_INCREMENT cho bảng `cart`
--
ALTER TABLE `cart`
  MODIFY `id` int(11) NOT NULL AUTO_INCREMENT, AUTO_INCREMENT=63;

--
-- AUTO_INCREMENT cho bảng `categories`
--
ALTER TABLE `categories`
  MODIFY `id` tinyint(4) NOT NULL AUTO_INCREMENT, AUTO_INCREMENT=21;

--
-- AUTO_INCREMENT cho bảng `comment`
--
ALTER TABLE `comment`
  MODIFY `id` tinyint(4) NOT NULL AUTO_INCREMENT, AUTO_INCREMENT=28;

--
-- AUTO_INCREMENT cho bảng `orderitem`
--
ALTER TABLE `orderitem`
  MODIFY `id` tinyint(4) NOT NULL AUTO_INCREMENT, AUTO_INCREMENT=48;

--
-- AUTO_INCREMENT cho bảng `orders`
--
ALTER TABLE `orders`
  MODIFY `id` tinyint(4) NOT NULL AUTO_INCREMENT, AUTO_INCREMENT=47;

--
-- AUTO_INCREMENT cho bảng `users`
--
ALTER TABLE `users`
  MODIFY `id` tinyint(4) NOT NULL AUTO_INCREMENT, AUTO_INCREMENT=13;

--
-- Các ràng buộc cho các bảng đã đổ
--

--
-- Các ràng buộc cho bảng `address`
--
ALTER TABLE `address`
  ADD CONSTRAINT `fk_usersa` FOREIGN KEY (`userid`) REFERENCES `users` (`id`);

--
-- Các ràng buộc cho bảng `cart`
--
ALTER TABLE `cart`
  ADD CONSTRAINT `fk_product` FOREIGN KEY (`productid`) REFERENCES `products` (`id`),
  ADD CONSTRAINT `fk_user` FOREIGN KEY (`userid`) REFERENCES `users` (`id`);

--
-- Các ràng buộc cho bảng `comment`
--
ALTER TABLE `comment`
  ADD CONSTRAINT `fk_products` FOREIGN KEY (`productid`) REFERENCES `products` (`id`),
  ADD CONSTRAINT `fk_users` FOREIGN KEY (`userid`) REFERENCES `users` (`id`);

--
-- Các ràng buộc cho bảng `orderitem`
--
ALTER TABLE `orderitem`
  ADD CONSTRAINT `fk_orderss` FOREIGN KEY (`orderID`) REFERENCES `orders` (`id`),
  ADD CONSTRAINT `fk_productss` FOREIGN KEY (`productID`) REFERENCES `products` (`id`);

--
-- Các ràng buộc cho bảng `orders`
--
ALTER TABLE `orders`
  ADD CONSTRAINT `fk_address` FOREIGN KEY (`shippingaddressID`) REFERENCES `address` (`id`),
  ADD CONSTRAINT `fk_userso` FOREIGN KEY (`userid`) REFERENCES `users` (`id`);

--
-- Các ràng buộc cho bảng `products`
--
ALTER TABLE `products`
  ADD CONSTRAINT `products_ibfk_1` FOREIGN KEY (`categoryid`) REFERENCES `categories` (`id`);

--
-- Các ràng buộc cho bảng `users`
--
ALTER TABLE `users`
  ADD CONSTRAINT `fk_users_address` FOREIGN KEY (`addressID`) REFERENCES `address` (`id`);
COMMIT;

/*!40101 SET CHARACTER_SET_CLIENT=@OLD_CHARACTER_SET_CLIENT */;
/*!40101 SET CHARACTER_SET_RESULTS=@OLD_CHARACTER_SET_RESULTS */;
/*!40101 SET COLLATION_CONNECTION=@OLD_COLLATION_CONNECTION */;
